symptom,drug,timing
悪寒,バファリンA,痛くなりそうなとき・熱が出そうなとき
悪寒,バファリンA,痛くなったとき・熱が出始めたとき
悪寒,バファリンA,痛くなったとき・熱が出始めたとき
悪寒,バファリンA,痛くなったとき・熱が出始めたとき
悪寒,バファリンA,痛くなったとき・熱が出始めたとき
悪寒,バファリンA,ひどくはなっていないが、痛みや熱がひかないとき
悪寒,バファリンA,ひどくはなっていないが、痛みや熱がひかないとき
悪寒,バファリンA,ひどくはなっていないが、痛みや熱がひかないとき
悪寒,バファリンA,痛みがひどくなりそうなとき・熱が更に上がりそうなとき
悪寒,バファリンA,痛みがひどくなりそうなとき・熱が更に上がりそうなとき
悪寒,バファリンA,痛みが我慢できなくなったとき・熱が高くなったとき
悪寒,バファリンA,痛みが我慢できなくなったとき・熱が高くなったとき
悪寒,バファリンA,痛みが我慢できなくなったとき・熱が高くなったとき
悪寒,バファリンA,痛みが我慢できなくなったとき・熱が高くなったとき
悪寒,バファリンA,痛みが我慢できなくなったとき・熱が高くなったとき
悪寒,バファリンA,その他
悪寒,イブA錠,痛くなりそうなとき・熱が出そうなとき
悪寒,イブA錠,痛くなりそうなとき・熱が出そうなとき
悪寒,イブA錠,痛くなりそうなとき・熱が出そうなとき
悪寒,イブA錠,痛くなったとき・熱が出始めたとき
悪寒,イブA錠,痛くなったとき・熱が出始めたとき
悪寒,イブA錠,痛くなったとき・熱が出始めたとき
悪寒,イブA錠,痛くなったとき・熱が出始めたとき
悪寒,イブA錠,痛くなったとき・熱が出始めたとき
悪寒,イブA錠,ひどくはなっていないが、痛みや熱がひかないとき
悪寒,イブA錠,ひどくはなっていないが、痛みや熱がひかないとき
悪寒,イブA錠,ひどくはなっていないが、痛みや熱がひかないとき
悪寒,イブA錠,ひどくはなっていないが、痛みや熱がひかないとき
悪寒,イブA錠,ひどくはなっていないが、痛みや熱がひかないとき
悪寒,イブA錠,ひどくはなっていないが、痛みや熱がひかないとき
悪寒,イブA錠,痛みがひどくなりそうなとき・熱が更に上がりそうなとき
悪寒,イブA錠,痛みがひどくなりそうなとき・熱が更に上がりそうなとき
悪寒,イブA錠,痛みがひどくなりそうなとき・熱が更に上がりそうなとき
悪寒,イブA錠,痛みがひどくなりそうなとき・熱が更に上がりそうなとき
悪寒,イブA錠,痛みがひどくなりそうなとき・熱が更に上がりそうなとき
悪寒,イブA錠,痛みがひどくなりそうなとき・熱が更に上がりそうなとき
悪寒,イブA錠,痛みが我慢できなくなったとき・熱が高くなったとき
悪寒,イブA錠,痛みが我慢できなくなったとき・熱が高くなったとき
悪寒,イブA錠,痛みが我慢できなくなったとき・熱が高くなったとき
悪寒,イブA錠,痛みが我慢できなくなったとき・熱が高くなったとき
悪寒,新セデス錠,痛くなりそうなとき・熱が出そうなとき
悪寒,新セデス錠,痛くなったとき・熱が出始めたとき
悪寒,新セデス錠,痛くなったとき・熱が出始めたとき
悪寒,新セデス錠,痛くなったとき・熱が出始めたとき
悪寒,新セデス錠,痛くなったとき・熱が出始めたとき
悪寒,新セデス錠,痛くなったとき・熱が出始めたとき
悪寒,新セデス錠,ひどくはなっていないが、痛みや熱がひかないとき
悪寒,新セデス錠,ひどくはなっていないが、痛みや熱がひかないとき
悪寒,新セデス錠,ひどくはなっていないが、痛みや熱がひかないとき
悪寒,新セデス錠,痛みがひどくなりそうなとき・熱が更に上がりそうなとき
悪寒,新セデス錠,痛みがひどくなりそうなとき・熱が更に上がりそうなとき
悪寒,新セデス錠,痛みがひどくなりそうなとき・熱が更に上がりそうなとき
悪寒,新セデス錠,痛みが我慢できなくなったとき・熱が高くなったとき
悪寒,新セデス錠,痛みが我慢できなくなったとき・熱が高くなったとき
悪寒,新セデス錠,痛みが我慢できなくなったとき・熱が高くなったとき
悪寒,新セデス錠,痛みが我慢できなくなったとき・熱が高くなったとき
悪寒,セデスハイ,痛くなりそうなとき・熱が出そうなとき
悪寒,セデスハイ,痛くなったとき・熱が出始めたとき
悪寒,セデスハイ,痛くなったとき・熱が出始めたとき
悪寒,セデスハイ,痛くなったとき・熱が出始めたとき
悪寒,セデスハイ,痛くなったとき・熱が出始めたとき
悪寒,セデスハイ,痛くなったとき・熱が出始めたとき
悪寒,セデスハイ,ひどくはなっていないが、痛みや熱がひかないとき
悪寒,セデスハイ,ひどくはなっていないが、痛みや熱がひかないとき
悪寒,セデスハイ,ひどくはなっていないが、痛みや熱がひかないとき
悪寒,セデスハイ,ひどくはなっていないが、痛みや熱がひかないとき
悪寒,セデスハイ,痛みがひどくなりそうなとき・熱が更に上がりそうなとき
悪寒,セデスハイ,痛みがひどくなりそうなとき・熱が更に上がりそうなとき
悪寒,セデスハイ,痛みがひどくなりそうなとき・熱が更に上がりそうなとき
悪寒,セデスハイ,痛みがひどくなりそうなとき・熱が更に上がりそうなとき
悪寒,セデスハイ,痛みが我慢できなくなったとき・熱が高くなったとき
悪寒,セデスハイ,痛みが我慢できなくなったとき・熱が高くなったとき
悪寒,セデスハイ,痛みが我慢できなくなったとき・熱が高くなったとき
悪寒,セデスハイ,痛みが我慢できなくなったとき・熱が高くなったとき
悪寒,セデスハイ,痛みが我慢できなくなったとき・熱が高くなったとき
悪寒,セデスハイ,痛みが我慢できなくなったとき・熱が高くなったとき
悪寒,セデスV,痛くなりそうなとき・熱が出そうなとき
悪寒,セデスV,痛くなりそうなとき・熱が出そうなとき
悪寒,セデスV,痛くなりそうなとき・熱が出そうなとき
悪寒,セデスV,痛くなりそうなとき・熱が出そうなとき
悪寒,セデスV,痛くなりそうなとき・熱が出そうなとき
悪寒,セデスV,痛くなったとき・熱が出始めたとき
悪寒,セデスV,痛くなったとき・熱が出始めたとき
悪寒,セデスV,痛くなったとき・熱が出始めたとき
悪寒,セデスV,痛くなったとき・熱が出始めたとき
悪寒,セデスV,痛くなったとき・熱が出始めたとき
悪寒,セデスV,痛くなったとき・熱が出始めたとき
悪寒,セデスV,痛くなったとき・熱が出始めたとき
悪寒,セデスV,痛くなったとき・熱が出始めたとき
悪寒,セデスV,痛くなったとき・熱が出始めたとき
悪寒,セデスV,ひどくはなっていないが、痛みや熱がひかないとき
悪寒,セデスV,ひどくはなっていないが、痛みや熱がひかないとき
悪寒,セデスV,ひどくはなっていないが、痛みや熱がひかないとき
悪寒,セデスV,痛みがひどくなりそうなとき・熱が更に上がりそうなとき
悪寒,セデスV,痛みがひどくなりそうなとき・熱が更に上がりそうなとき
悪寒,セデスV,痛みがひどくなりそうなとき・熱が更に上がりそうなとき
悪寒,セデスV,痛みがひどくなりそうなとき・熱が更に上がりそうなとき
悪寒,セデスV,痛みがひどくなりそうなとき・熱が更に上がりそうなとき
悪寒,セデスV,痛みが我慢できなくなったとき・熱が高くなったとき
悪寒,セデスV,痛みが我慢できなくなったとき・熱が高くなったとき
悪寒,セデスV,痛みが我慢できなくなったとき・熱が高くなったとき
悪寒,セデスV,痛みが我慢できなくなったとき・熱が高くなったとき
悪寒,セデスキュア,痛くなりそうなとき・熱が出そうなとき
悪寒,セデスキュア,痛くなりそうなとき・熱が出そうなとき
悪寒,セデスキュア,痛くなりそうなとき・熱が出そうなとき
悪寒,セデスキュア,痛くなったとき・熱が出始めたとき
悪寒,セデスキュア,痛くなったとき・熱が出始めたとき
悪寒,セデスキュア,痛くなったとき・熱が出始めたとき
悪寒,セデスキュア,痛くなったとき・熱が出始めたとき
悪寒,セデスキュア,痛くなったとき・熱が出始めたとき
悪寒,セデスキュア,痛くなったとき・熱が出始めたとき
悪寒,セデスキュア,痛くなったとき・熱が出始めたとき
悪寒,セデスキュア,ひどくはなっていないが、痛みや熱がひかないとき
悪寒,セデスキュア,ひどくはなっていないが、痛みや熱がひかないとき
悪寒,セデスキュア,ひどくはなっていないが、痛みや熱がひかないとき
悪寒,セデスキュア,ひどくはなっていないが、痛みや熱がひかないとき
悪寒,セデスキュア,痛みがひどくなりそうなとき・熱が更に上がりそうなとき
悪寒,セデスキュア,痛みがひどくなりそうなとき・熱が更に上がりそうなとき
悪寒,セデスキュア,痛みがひどくなりそうなとき・熱が更に上がりそうなとき
悪寒,セデスキュア,痛みが我慢できなくなったとき・熱が高くなったとき
悪寒,セデスキュア,痛みが我慢できなくなったとき・熱が高くなったとき
悪寒,セデスキュア,痛みが我慢できなくなったとき・熱が高くなったとき
悪寒,セデスキュア,その他
悪寒,ノーシン錠,痛くなりそうなとき・熱が出そうなとき
悪寒,ノーシン錠,痛くなりそうなとき・熱が出そうなとき
悪寒,ノーシン錠,痛くなりそうなとき・熱が出そうなとき
悪寒,ノーシン錠,痛くなりそうなとき・熱が出そうなとき
悪寒,ノーシン錠,痛くなったとき・熱が出始めたとき
悪寒,ノーシン錠,痛くなったとき・熱が出始めたとき
悪寒,ノーシン錠,痛くなったとき・熱が出始めたとき
悪寒,ノーシン錠,痛くなったとき・熱が出始めたとき
悪寒,ノーシン錠,痛くなったとき・熱が出始めたとき
悪寒,ノーシン錠,痛くなったとき・熱が出始めたとき
悪寒,ノーシン錠,痛くなったとき・熱が出始めたとき
悪寒,ノーシン錠,痛くなったとき・熱が出始めたとき
悪寒,ノーシン錠,痛くなったとき・熱が出始めたとき
悪寒,ノーシン錠,痛くなったとき・熱が出始めたとき
悪寒,ノーシン錠,ひどくはなっていないが、痛みや熱がひかないとき
悪寒,ノーシン錠,ひどくはなっていないが、痛みや熱がひかないとき
悪寒,ノーシン錠,痛みがひどくなりそうなとき・熱が更に上がりそうなとき
悪寒,ノーシン錠,痛みがひどくなりそうなとき・熱が更に上がりそうなとき
悪寒,ノーシン錠,痛みがひどくなりそうなとき・熱が更に上がりそうなとき
悪寒,ノーシン錠,痛みがひどくなりそうなとき・熱が更に上がりそうなとき
悪寒,ノーシン錠,痛みがひどくなりそうなとき・熱が更に上がりそうなとき
悪寒,ノーシン錠,痛みが我慢できなくなったとき・熱が高くなったとき
悪寒,ノーシン錠,痛みが我慢できなくなったとき・熱が高くなったとき
悪寒,ノーシン錠,痛みが我慢できなくなったとき・熱が高くなったとき
悪寒,ノーシン錠,痛みが我慢できなくなったとき・熱が高くなったとき
悪寒,ノーシン錠,痛みが我慢できなくなったとき・熱が高くなったとき
悪寒,ノーシン錠,痛みが我慢できなくなったとき・熱が高くなったとき
悪寒,ノーシンピュア,痛くなったとき・熱が出始めたとき
悪寒,ノーシンピュア,痛くなったとき・熱が出始めたとき
悪寒,ノーシンピュア,痛くなったとき・熱が出始めたとき
悪寒,ノーシンピュア,痛くなったとき・熱が出始めたとき
悪寒,ノーシンピュア,痛くなったとき・熱が出始めたとき
悪寒,ノーシンピュア,痛くなったとき・熱が出始めたとき
悪寒,ノーシンピュア,ひどくはなっていないが、痛みや熱がひかないとき
悪寒,ノーシンピュア,痛みがひどくなりそうなとき・熱が更に上がりそうなとき
悪寒,ノーシンピュア,痛みがひどくなりそうなとき・熱が更に上がりそうなとき
悪寒,ノーシンピュア,痛みが我慢できなくなったとき・熱が高くなったとき
悪寒,ノーシンピュア,痛みが我慢できなくなったとき・熱が高くなったとき
悪寒,ノーシンピュア,痛みが我慢できなくなったとき・熱が高くなったとき
悪寒,ナロンエース,痛くなりそうなとき・熱が出そうなとき
悪寒,ナロンエース,痛くなったとき・熱が出始めたとき
悪寒,ナロンエース,痛くなったとき・熱が出始めたとき
悪寒,ナロンエース,痛くなったとき・熱が出始めたとき
悪寒,ナロンエース,ひどくはなっていないが、痛みや熱がひかないとき
悪寒,ナロンエース,痛みがひどくなりそうなとき・熱が更に上がりそうなとき
悪寒,ナロンエース,痛みがひどくなりそうなとき・熱が更に上がりそうなとき
悪寒,ナロンエース,痛みがひどくなりそうなとき・熱が更に上がりそうなとき
悪寒,ナロンエース,痛みがひどくなりそうなとき・熱が更に上がりそうなとき
悪寒,ナロンエース,痛みが我慢できなくなったとき・熱が高くなったとき
悪寒,ナロンエース,痛みが我慢できなくなったとき・熱が高くなったとき
悪寒,ナロンエース,痛みが我慢できなくなったとき・熱が高くなったとき
悪寒,リングルアイビー,痛くなりそうなとき・熱が出そうなとき
悪寒,リングルアイビー,痛くなったとき・熱が出始めたとき
悪寒,リングルアイビー,痛くなったとき・熱が出始めたとき
悪寒,リングルアイビー,痛くなったとき・熱が出始めたとき
悪寒,リングルアイビー,ひどくはなっていないが、痛みや熱がひかないとき
悪寒,リングルアイビー,ひどくはなっていないが、痛みや熱がひかないとき
悪寒,リングルアイビー,痛みがひどくなりそうなとき・熱が更に上がりそうなとき
悪寒,リングルアイビー,痛みがひどくなりそうなとき・熱が更に上がりそうなとき
悪寒,リングルアイビー,痛みがひどくなりそうなとき・熱が更に上がりそうなとき
悪寒,リングルアイビー,痛みが我慢できなくなったとき・熱が高くなったとき
悪寒,リングルアイビー,痛みが我慢できなくなったとき・熱が高くなったとき
悪寒,リングルアイビー,痛みが我慢できなくなったとき・熱が高くなったとき
悪寒,リングルアイビー,痛みが我慢できなくなったとき・熱が高くなったとき
悪寒,リングルアイビー,痛みが我慢できなくなったとき・熱が高くなったとき
悪寒,リングルアイビー,その他
発熱,バファリンA,痛くなりそうなとき・熱が出そうなとき
発熱,バファリンA,痛くなったとき・熱が出始めたとき
発熱,バファリンA,痛くなったとき・熱が出始めたとき
発熱,バファリンA,痛くなったとき・熱が出始めたとき
発熱,バファリンA,痛くなったとき・熱が出始めたとき
発熱,バファリンA,痛くなったとき・熱が出始めたとき
発熱,バファリンA,痛くなったとき・熱が出始めたとき
発熱,バファリンA,痛くなったとき・熱が出始めたとき
発熱,バファリンA,痛くなったとき・熱が出始めたとき
発熱,バファリンA,ひどくはなっていないが、痛みや熱がひかないとき
発熱,バファリンA,ひどくはなっていないが、痛みや熱がひかないとき
発熱,バファリンA,ひどくはなっていないが、痛みや熱がひかないとき
発熱,バファリンA,ひどくはなっていないが、痛みや熱がひかないとき
発熱,バファリンA,ひどくはなっていないが、痛みや熱がひかないとき
発熱,バファリンA,ひどくはなっていないが、痛みや熱がひかないとき
発熱,バファリンA,ひどくはなっていないが、痛みや熱がひかないとき
発熱,バファリンA,痛みがひどくなりそうなとき・熱が更に上がりそうなとき
発熱,バファリンA,痛みがひどくなりそうなとき・熱が更に上がりそうなとき
発熱,バファリンA,痛みがひどくなりそうなとき・熱が更に上がりそうなとき
発熱,バファリンA,痛みがひどくなりそうなとき・熱が更に上がりそうなとき
発熱,バファリンA,痛みがひどくなりそうなとき・熱が更に上がりそうなとき
発熱,バファリンA,痛みがひどくなりそうなとき・熱が更に上がりそうなとき
発熱,バファリンA,痛みが我慢できなくなったとき・熱が高くなったとき
発熱,バファリンA,痛みが我慢できなくなったとき・熱が高くなったとき
発熱,バファリンA,痛みが我慢できなくなったとき・熱が高くなったとき
発熱,バファリンA,痛みが我慢できなくなったとき・熱が高くなったとき
発熱,バファリンA,痛みが我慢できなくなったとき・熱が高くなったとき
発熱,バファリンA,痛みが我慢できなくなったとき・熱が高くなったとき
発熱,バファリンA,痛みが我慢できなくなったとき・熱が高くなったとき
発熱,バファリンA,痛みが我慢できなくなったとき・熱が高くなったとき
発熱,バファリンA,痛みが我慢できなくなったとき・熱が高くなったとき
発熱,バファリンA,痛みが我慢できなくなったとき・熱が高くなったとき
発熱,バファリンA,痛みが我慢できなくなったとき・熱が高くなったとき
発熱,バファリンA,痛みが我慢できなくなったとき・熱が高くなったとき
発熱,バファリンA,その他
発熱,イブA錠,痛くなりそうなとき・熱が出そうなとき
発熱,イブA錠,痛くなりそうなとき・熱が出そうなとき
発熱,イブA錠,痛くなったとき・熱が出始めたとき
発熱,イブA錠,痛くなったとき・熱が出始めたとき
発熱,イブA錠,痛くなったとき・熱が出始めたとき
発熱,イブA錠,痛くなったとき・熱が出始めたとき
発熱,イブA錠,痛くなったとき・熱が出始めたとき
発熱,イブA錠,痛くなったとき・熱が出始めたとき
発熱,イブA錠,痛くなったとき・熱が出始めたとき
発熱,イブA錠,痛くなったとき・熱が出始めたとき
発熱,イブA錠,痛くなったとき・熱が出始めたとき
発熱,イブA錠,痛くなったとき・熱が出始めたとき
発熱,イブA錠,痛くなったとき・熱が出始めたとき
発熱,イブA錠,ひどくはなっていないが、痛みや熱がひかないとき
発熱,イブA錠,ひどくはなっていないが、痛みや熱がひかないとき
発熱,イブA錠,ひどくはなっていないが、痛みや熱がひかないとき
発熱,イブA錠,ひどくはなっていないが、痛みや熱がひかないとき
発熱,イブA錠,ひどくはなっていないが、痛みや熱がひかないとき
発熱,イブA錠,ひどくはなっていないが、痛みや熱がひかないとき
発熱,イブA錠,ひどくはなっていないが、痛みや熱がひかないとき
発熱,イブA錠,ひどくはなっていないが、痛みや熱がひかないとき
発熱,イブA錠,ひどくはなっていないが、痛みや熱がひかないとき
発熱,イブA錠,ひどくはなっていないが、痛みや熱がひかないとき
発熱,イブA錠,痛みがひどくなりそうなとき・熱が更に上がりそうなとき
発熱,イブA錠,痛みがひどくなりそうなとき・熱が更に上がりそうなとき
発熱,イブA錠,痛みがひどくなりそうなとき・熱が更に上がりそうなとき
発熱,イブA錠,痛みがひどくなりそうなとき・熱が更に上がりそうなとき
発熱,イブA錠,痛みがひどくなりそうなとき・熱が更に上がりそうなとき
発熱,イブA錠,痛みがひどくなりそうなとき・熱が更に上がりそうなとき
発熱,イブA錠,痛みがひどくなりそうなとき・熱が更に上がりそうなとき
発熱,イブA錠,痛みがひどくなりそうなとき・熱が更に上がりそうなとき
発熱,イブA錠,痛みがひどくなりそうなとき・熱が更に上がりそうなとき
発熱,イブA錠,痛みがひどくなりそうなとき・熱が更に上がりそうなとき
発熱,イブA錠,痛みがひどくなりそうなとき・熱が更に上がりそうなとき
発熱,イブA錠,痛みが我慢できなくなったとき・熱が高くなったとき
発熱,イブA錠,痛みが我慢できなくなったとき・熱が高くなったとき
発熱,イブA錠,痛みが我慢できなくなったとき・熱が高くなったとき
発熱,イブA錠,痛みが我慢できなくなったとき・熱が高くなったとき
発熱,イブA錠,痛みが我慢できなくなったとき・熱が高くなったとき
発熱,イブA錠,痛みが我慢できなくなったとき・熱が高くなったとき
発熱,イブA錠,痛みが我慢できなくなったとき・熱が高くなったとき
発熱,イブA錠,痛みが我慢できなくなったとき・熱が高くなったとき
発熱,イブA錠,痛みが我慢できなくなったとき・熱が高くなったとき
発熱,イブA錠,痛みが我慢できなくなったとき・熱が高くなったとき
発熱,新セデス錠,痛くなりそうなとき・熱が出そうなとき
発熱,新セデス錠,痛くなりそうなとき・熱が出そうなとき
発熱,新セデス錠,痛くなったとき・熱が出始めたとき
発熱,新セデス錠,痛くなったとき・熱が出始めたとき
発熱,新セデス錠,痛くなったとき・熱が出始めたとき
発熱,新セデス錠,痛くなったとき・熱が出始めたとき
発熱,新セデス錠,痛くなったとき・熱が出始めたとき
発熱,新セデス錠,痛くなったとき・熱が出始めたとき
発熱,新セデス錠,痛くなったとき・熱が出始めたとき
発熱,新セデス錠,痛くなったとき・熱が出始めたとき
発熱,新セデス錠,痛くなったとき・熱が出始めたとき
発熱,新セデス錠,痛くなったとき・熱が出始めたとき
発熱,新セデス錠,痛くなったとき・熱が出始めたとき
発熱,新セデス錠,痛くなったとき・熱が出始めたとき
発熱,新セデス錠,痛くなったとき・熱が出始めたとき
発熱,新セデス錠,痛くなったとき・熱が出始めたとき
発熱,新セデス錠,痛くなったとき・熱が出始めたとき
発熱,新セデス錠,痛くなったとき・熱が出始めたとき
発熱,新セデス錠,痛くなったとき・熱が出始めたとき
発熱,新セデス錠,痛くなったとき・熱が出始めたとき
発熱,新セデス錠,ひどくはなっていないが、痛みや熱がひかないとき
発熱,新セデス錠,ひどくはなっていないが、痛みや熱がひかないとき
発熱,新セデス錠,ひどくはなっていないが、痛みや熱がひかないとき
発熱,新セデス錠,ひどくはなっていないが、痛みや熱がひかないとき
発熱,新セデス錠,ひどくはなっていないが、痛みや熱がひかないとき
発熱,新セデス錠,ひどくはなっていないが、痛みや熱がひかないとき
発熱,新セデス錠,ひどくはなっていないが、痛みや熱がひかないとき
発熱,新セデス錠,痛みがひどくなりそうなとき・熱が更に上がりそうなとき
発熱,新セデス錠,痛みがひどくなりそうなとき・熱が更に上がりそうなとき
発熱,新セデス錠,痛みがひどくなりそうなとき・熱が更に上がりそうなとき
発熱,新セデス錠,痛みがひどくなりそうなとき・熱が更に上がりそうなとき
発熱,新セデス錠,痛みがひどくなりそうなとき・熱が更に上がりそうなとき
発熱,新セデス錠,痛みがひどくなりそうなとき・熱が更に上がりそうなとき
発熱,新セデス錠,痛みが我慢できなくなったとき・熱が高くなったとき
発熱,新セデス錠,痛みが我慢できなくなったとき・熱が高くなったとき
発熱,新セデス錠,痛みが我慢できなくなったとき・熱が高くなったとき
発熱,新セデス錠,痛みが我慢できなくなったとき・熱が高くなったとき
発熱,新セデス錠,痛みが我慢できなくなったとき・熱が高くなったとき
発熱,新セデス錠,痛みが我慢できなくなったとき・熱が高くなったとき
発熱,新セデス錠,痛みが我慢できなくなったとき・熱が高くなったとき
発熱,新セデス錠,痛みが我慢できなくなったとき・熱が高くなったとき
発熱,新セデス錠,痛みが我慢できなくなったとき・熱が高くなったとき
発熱,新セデス錠,痛みが我慢できなくなったとき・熱が高くなったとき
発熱,新セデス錠,痛みが我慢できなくなったとき・熱が高くなったとき
発熱,新セデス錠,痛みが我慢できなくなったとき・熱が高くなったとき
発熱,新セデス錠,痛みが我慢できなくなったとき・熱が高くなったとき
発熱,新セデス錠,痛みが我慢できなくなったとき・熱が高くなったとき
発熱,新セデス錠,痛みが我慢できなくなったとき・熱が高くなったとき
発熱,新セデス錠,痛みが我慢できなくなったとき・熱が高くなったとき
発熱,新セデス錠,その他
発熱,セデスハイ,痛くなったとき・熱が出始めたとき
発熱,セデスハイ,痛くなったとき・熱が出始めたとき
発熱,セデスハイ,痛くなったとき・熱が出始めたとき
発熱,セデスハイ,痛くなったとき・熱が出始めたとき
発熱,セデスハイ,痛くなったとき・熱が出始めたとき
発熱,セデスハイ,痛くなったとき・熱が出始めたとき
発熱,セデスハイ,痛くなったとき・熱が出始めたとき
発熱,セデスハイ,痛くなったとき・熱が出始めたとき
発熱,セデスハイ,痛くなったとき・熱が出始めたとき
発熱,セデスハイ,痛くなったとき・熱が出始めたとき
発熱,セデスハイ,痛くなったとき・熱が出始めたとき
発熱,セデスハイ,痛くなったとき・熱が出始めたとき
発熱,セデスハイ,ひどくはなっていないが、痛みや熱がひかないとき
発熱,セデスハイ,ひどくはなっていないが、痛みや熱がひかないとき
発熱,セデスハイ,ひどくはなっていないが、痛みや熱がひかないとき
発熱,セデスハイ,ひどくはなっていないが、痛みや熱がひかないとき
発熱,セデスハイ,ひどくはなっていないが、痛みや熱がひかないとき
発熱,セデスハイ,ひどくはなっていないが、痛みや熱がひかないとき
発熱,セデスハイ,ひどくはなっていないが、痛みや熱がひかないとき
発熱,セデスハイ,痛みがひどくなりそうなとき・熱が更に上がりそうなとき
発熱,セデスハイ,痛みがひどくなりそうなとき・熱が更に上がりそうなとき
発熱,セデスハイ,痛みがひどくなりそうなとき・熱が更に上がりそうなとき
発熱,セデスハイ,痛みがひどくなりそうなとき・熱が更に上がりそうなとき
発熱,セデスハイ,痛みがひどくなりそうなとき・熱が更に上がりそうなとき
発熱,セデスハイ,痛みがひどくなりそうなとき・熱が更に上がりそうなとき
発熱,セデスハイ,痛みが我慢できなくなったとき・熱が高くなったとき
発熱,セデスハイ,痛みが我慢できなくなったとき・熱が高くなったとき
発熱,セデスハイ,痛みが我慢できなくなったとき・熱が高くなったとき
発熱,セデスハイ,痛みが我慢できなくなったとき・熱が高くなったとき
発熱,セデスハイ,痛みが我慢できなくなったとき・熱が高くなったとき
発熱,セデスハイ,痛みが我慢できなくなったとき・熱が高くなったとき
発熱,セデスハイ,痛みが我慢できなくなったとき・熱が高くなったとき
発熱,セデスハイ,痛みが我慢できなくなったとき・熱が高くなったとき
発熱,セデスハイ,痛みが我慢できなくなったとき・熱が高くなったとき
発熱,セデスハイ,痛みが我慢できなくなったとき・熱が高くなったとき
発熱,セデスハイ,痛みが我慢できなくなったとき・熱が高くなったとき
発熱,セデスハイ,痛みが我慢できなくなったとき・熱が高くなったとき
発熱,セデスV,痛くなりそうなとき・熱が出そうなとき
発熱,セデスV,痛くなりそうなとき・熱が出そうなとき
発熱,セデスV,痛くなりそうなとき・熱が出そうなとき
発熱,セデスV,痛くなりそうなとき・熱が出そうなとき
発熱,セデスV,痛くなりそうなとき・熱が出そうなとき
発熱,セデスV,痛くなりそうなとき・熱が出そうなとき
発熱,セデスV,痛くなったとき・熱が出始めたとき
発熱,セデスV,痛くなったとき・熱が出始めたとき
発熱,セデスV,痛くなったとき・熱が出始めたとき
発熱,セデスV,痛くなったとき・熱が出始めたとき
発熱,セデスV,痛くなったとき・熱が出始めたとき
発熱,セデスV,痛くなったとき・熱が出始めたとき
発熱,セデスV,痛くなったとき・熱が出始めたとき
発熱,セデスV,痛くなったとき・熱が出始めたとき
発熱,セデスV,痛くなったとき・熱が出始めたとき
発熱,セデスV,痛くなったとき・熱が出始めたとき
発熱,セデスV,痛くなったとき・熱が出始めたとき
発熱,セデスV,痛くなったとき・熱が出始めたとき
発熱,セデスV,痛くなったとき・熱が出始めたとき
発熱,セデスV,痛くなったとき・熱が出始めたとき
発熱,セデスV,痛くなったとき・熱が出始めたとき
発熱,セデスV,痛くなったとき・熱が出始めたとき
発熱,セデスV,痛くなったとき・熱が出始めたとき
発熱,セデスV,痛くなったとき・熱が出始めたとき
発熱,セデスV,痛くなったとき・熱が出始めたとき
発熱,セデスV,痛くなったとき・熱が出始めたとき
発熱,セデスV,痛くなったとき・熱が出始めたとき
発熱,セデスV,痛くなったとき・熱が出始めたとき
発熱,セデスV,ひどくはなっていないが、痛みや熱がひかないとき
発熱,セデスV,ひどくはなっていないが、痛みや熱がひかないとき
発熱,セデスV,ひどくはなっていないが、痛みや熱がひかないとき
発熱,セデスV,ひどくはなっていないが、痛みや熱がひかないとき
発熱,セデスV,ひどくはなっていないが、痛みや熱がひかないとき
発熱,セデスV,ひどくはなっていないが、痛みや熱がひかないとき
発熱,セデスV,ひどくはなっていないが、痛みや熱がひかないとき
発熱,セデスV,ひどくはなっていないが、痛みや熱がひかないとき
発熱,セデスV,ひどくはなっていないが、痛みや熱がひかないとき
発熱,セデスV,ひどくはなっていないが、痛みや熱がひかないとき
発熱,セデスV,ひどくはなっていないが、痛みや熱がひかないとき
発熱,セデスV,ひどくはなっていないが、痛みや熱がひかないとき
発熱,セデスV,ひどくはなっていないが、痛みや熱がひかないとき
発熱,セデスV,ひどくはなっていないが、痛みや熱がひかないとき
発熱,セデスV,ひどくはなっていないが、痛みや熱がひかないとき
発熱,セデスV,ひどくはなっていないが、痛みや熱がひかないとき
発熱,セデスV,痛みがひどくなりそうなとき・熱が更に上がりそうなとき
発熱,セデスV,痛みがひどくなりそうなとき・熱が更に上がりそうなとき
発熱,セデスV,痛みがひどくなりそうなとき・熱が更に上がりそうなとき
発熱,セデスV,痛みがひどくなりそうなとき・熱が更に上がりそうなとき
発熱,セデスV,痛みがひどくなりそうなとき・熱が更に上がりそうなとき
発熱,セデスV,痛みがひどくなりそうなとき・熱が更に上がりそうなとき
発熱,セデスV,痛みがひどくなりそうなとき・熱が更に上がりそうなとき
発熱,セデスV,痛みがひどくなりそうなとき・熱が更に上がりそうなとき
発熱,セデスV,痛みがひどくなりそうなとき・熱が更に上がりそうなとき
発熱,セデスV,痛みがひどくなりそうなとき・熱が更に上がりそうなとき
発熱,セデスV,痛みがひどくなりそうなとき・熱が更に上がりそうなとき
発熱,セデスV,痛みがひどくなりそうなとき・熱が更に上がりそうなとき
発熱,セデスV,痛みが我慢できなくなったとき・熱が高くなったとき
発熱,セデスV,痛みが我慢できなくなったとき・熱が高くなったとき
発熱,セデスV,痛みが我慢できなくなったとき・熱が高くなったとき
発熱,セデスV,痛みが我慢できなくなったとき・熱が高くなったとき
発熱,セデスV,痛みが我慢できなくなったとき・熱が高くなったとき
発熱,セデスV,痛みが我慢できなくなったとき・熱が高くなったとき
発熱,セデスV,痛みが我慢できなくなったとき・熱が高くなったとき
発熱,セデスV,痛みが我慢できなくなったとき・熱が高くなったとき
発熱,セデスV,痛みが我慢できなくなったとき・熱が高くなったとき
発熱,セデスV,痛みが我慢できなくなったとき・熱が高くなったとき
発熱,セデスV,痛みが我慢できなくなったとき・熱が高くなったとき
発熱,セデスV,痛みが我慢できなくなったとき・熱が高くなったとき
発熱,セデスV,痛みが我慢できなくなったとき・熱が高くなったとき
発熱,セデスV,痛みが我慢できなくなったとき・熱が高くなったとき
発熱,セデスV,痛みが我慢できなくなったとき・熱が高くなったとき
発熱,セデスV,痛みが我慢できなくなったとき・熱が高くなったとき
発熱,セデスV,痛みが我慢できなくなったとき・熱が高くなったとき
発熱,セデスV,痛みが我慢できなくなったとき・熱が高くなったとき
発熱,セデスV,痛みが我慢できなくなったとき・熱が高くなったとき
発熱,セデスV,その他
発熱,セデスキュア,痛くなりそうなとき・熱が出そうなとき
発熱,セデスキュア,痛くなりそうなとき・熱が出そうなとき
発熱,セデスキュア,痛くなりそうなとき・熱が出そうなとき
発熱,セデスキュア,痛くなりそうなとき・熱が出そうなとき
発熱,セデスキュア,痛くなりそうなとき・熱が出そうなとき
発熱,セデスキュア,痛くなりそうなとき・熱が出そうなとき
発熱,セデスキュア,痛くなったとき・熱が出始めたとき
発熱,セデスキュア,痛くなったとき・熱が出始めたとき
発熱,セデスキュア,痛くなったとき・熱が出始めたとき
発熱,セデスキュア,痛くなったとき・熱が出始めたとき
発熱,セデスキュア,痛くなったとき・熱が出始めたとき
発熱,セデスキュア,痛くなったとき・熱が出始めたとき
発熱,セデスキュア,痛くなったとき・熱が出始めたとき
発熱,セデスキュア,痛くなったとき・熱が出始めたとき
発熱,セデスキュア,痛くなったとき・熱が出始めたとき
発熱,セデスキュア,痛くなったとき・熱が出始めたとき
発熱,セデスキュア,痛くなったとき・熱が出始めたとき
発熱,セデスキュア,痛くなったとき・熱が出始めたとき
発熱,セデスキュア,痛くなったとき・熱が出始めたとき
発熱,セデスキュア,痛くなったとき・熱が出始めたとき
発熱,セデスキュア,ひどくはなっていないが、痛みや熱がひかないとき
発熱,セデスキュア,ひどくはなっていないが、痛みや熱がひかないとき
発熱,セデスキュア,ひどくはなっていないが、痛みや熱がひかないとき
発熱,セデスキュア,ひどくはなっていないが、痛みや熱がひかないとき
発熱,セデスキュア,ひどくはなっていないが、痛みや熱がひかないとき
発熱,セデスキュア,ひどくはなっていないが、痛みや熱がひかないとき
発熱,セデスキュア,ひどくはなっていないが、痛みや熱がひかないとき
発熱,セデスキュア,ひどくはなっていないが、痛みや熱がひかないとき
発熱,セデスキュア,痛みがひどくなりそうなとき・熱が更に上がりそうなとき
発熱,セデスキュア,痛みがひどくなりそうなとき・熱が更に上がりそうなとき
発熱,セデスキュア,痛みがひどくなりそうなとき・熱が更に上がりそうなとき
発熱,セデスキュア,痛みがひどくなりそうなとき・熱が更に上がりそうなとき
発熱,セデスキュア,痛みがひどくなりそうなとき・熱が更に上がりそうなとき
発熱,セデスキュア,痛みがひどくなりそうなとき・熱が更に上がりそうなとき
発熱,セデスキュア,痛みがひどくなりそうなとき・熱が更に上がりそうなとき
発熱,セデスキュア,痛みがひどくなりそうなとき・熱が更に上がりそうなとき
発熱,セデスキュア,痛みがひどくなりそうなとき・熱が更に上がりそうなとき
発熱,セデスキュア,痛みがひどくなりそうなとき・熱が更に上がりそうなとき
発熱,セデスキュア,痛みがひどくなりそうなとき・熱が更に上がりそうなとき
発熱,セデスキュア,痛みがひどくなりそうなとき・熱が更に上がりそうなとき
発熱,セデスキュア,痛みがひどくなりそうなとき・熱が更に上がりそうなとき
発熱,セデスキュア,痛みが我慢できなくなったとき・熱が高くなったとき
発熱,セデスキュア,痛みが我慢できなくなったとき・熱が高くなったとき
発熱,セデスキュア,痛みが我慢できなくなったとき・熱が高くなったとき
発熱,セデスキュア,痛みが我慢できなくなったとき・熱が高くなったとき
発熱,セデスキュア,痛みが我慢できなくなったとき・熱が高くなったとき
発熱,セデスキュア,痛みが我慢できなくなったとき・熱が高くなったとき
発熱,セデスキュア,痛みが我慢できなくなったとき・熱が高くなったとき
発熱,セデスキュア,痛みが我慢できなくなったとき・熱が高くなったとき
発熱,セデスキュア,痛みが我慢できなくなったとき・熱が高くなったとき
発熱,セデスキュア,痛みが我慢できなくなったとき・熱が高くなったとき
発熱,セデスキュア,痛みが我慢できなくなったとき・熱が高くなったとき
発熱,セデスキュア,痛みが我慢できなくなったとき・熱が高くなったとき
発熱,セデスキュア,痛みが我慢できなくなったとき・熱が高くなったとき
発熱,セデスキュア,痛みが我慢できなくなったとき・熱が高くなったとき
発熱,セデスキュア,痛みが我慢できなくなったとき・熱が高くなったとき
発熱,セデスキュア,その他
発熱,ノーシン錠,痛くなりそうなとき・熱が出そうなとき
発熱,ノーシン錠,痛くなりそうなとき・熱が出そうなとき
発熱,ノーシン錠,痛くなりそうなとき・熱が出そうなとき
発熱,ノーシン錠,痛くなりそうなとき・熱が出そうなとき
発熱,ノーシン錠,痛くなったとき・熱が出始めたとき
発熱,ノーシン錠,痛くなったとき・熱が出始めたとき
発熱,ノーシン錠,痛くなったとき・熱が出始めたとき
発熱,ノーシン錠,痛くなったとき・熱が出始めたとき
発熱,ノーシン錠,痛くなったとき・熱が出始めたとき
発熱,ノーシン錠,痛くなったとき・熱が出始めたとき
発熱,ノーシン錠,痛くなったとき・熱が出始めたとき
発熱,ノーシン錠,痛くなったとき・熱が出始めたとき
発熱,ノーシン錠,痛くなったとき・熱が出始めたとき
発熱,ノーシン錠,痛くなったとき・熱が出始めたとき
発熱,ノーシン錠,痛くなったとき・熱が出始めたとき
発熱,ノーシン錠,痛くなったとき・熱が出始めたとき
発熱,ノーシン錠,痛くなったとき・熱が出始めたとき
発熱,ノーシン錠,痛くなったとき・熱が出始めたとき
発熱,ノーシン錠,ひどくはなっていないが、痛みや熱がひかないとき
発熱,ノーシン錠,ひどくはなっていないが、痛みや熱がひかないとき
発熱,ノーシン錠,ひどくはなっていないが、痛みや熱がひかないとき
発熱,ノーシン錠,ひどくはなっていないが、痛みや熱がひかないとき
発熱,ノーシン錠,ひどくはなっていないが、痛みや熱がひかないとき
発熱,ノーシン錠,ひどくはなっていないが、痛みや熱がひかないとき
発熱,ノーシン錠,ひどくはなっていないが、痛みや熱がひかないとき
発熱,ノーシン錠,ひどくはなっていないが、痛みや熱がひかないとき
発熱,ノーシン錠,痛みがひどくなりそうなとき・熱が更に上がりそうなとき
発熱,ノーシン錠,痛みがひどくなりそうなとき・熱が更に上がりそうなとき
発熱,ノーシン錠,痛みがひどくなりそうなとき・熱が更に上がりそうなとき
発熱,ノーシン錠,痛みがひどくなりそうなとき・熱が更に上がりそうなとき
発熱,ノーシン錠,痛みがひどくなりそうなとき・熱が更に上がりそうなとき
発熱,ノーシン錠,痛みがひどくなりそうなとき・熱が更に上がりそうなとき
発熱,ノーシン錠,痛みが我慢できなくなったとき・熱が高くなったとき
発熱,ノーシン錠,痛みが我慢できなくなったとき・熱が高くなったとき
発熱,ノーシン錠,痛みが我慢できなくなったとき・熱が高くなったとき
発熱,ノーシン錠,痛みが我慢できなくなったとき・熱が高くなったとき
発熱,ノーシン錠,痛みが我慢できなくなったとき・熱が高くなったとき
発熱,ノーシン錠,痛みが我慢できなくなったとき・熱が高くなったとき
発熱,ノーシン錠,痛みが我慢できなくなったとき・熱が高くなったとき
発熱,ノーシン錠,痛みが我慢できなくなったとき・熱が高くなったとき
発熱,ノーシン錠,痛みが我慢できなくなったとき・熱が高くなったとき
発熱,ノーシン錠,痛みが我慢できなくなったとき・熱が高くなったとき
発熱,ノーシン錠,痛みが我慢できなくなったとき・熱が高くなったとき
発熱,ノーシン錠,痛みが我慢できなくなったとき・熱が高くなったとき
発熱,ノーシンピュア,痛くなりそうなとき・熱が出そうなとき
発熱,ノーシンピュア,痛くなりそうなとき・熱が出そうなとき
発熱,ノーシンピュア,痛くなりそうなとき・熱が出そうなとき
発熱,ノーシンピュア,痛くなったとき・熱が出始めたとき
発熱,ノーシンピュア,痛くなったとき・熱が出始めたとき
発熱,ノーシンピュア,痛くなったとき・熱が出始めたとき
発熱,ノーシンピュア,痛くなったとき・熱が出始めたとき
発熱,ノーシンピュア,痛くなったとき・熱が出始めたとき
発熱,ノーシンピュア,痛くなったとき・熱が出始めたとき
発熱,ノーシンピュア,痛くなったとき・熱が出始めたとき
発熱,ノーシンピュア,痛くなったとき・熱が出始めたとき
発熱,ノーシンピュア,痛くなったとき・熱が出始めたとき
発熱,ノーシンピュア,痛くなったとき・熱が出始めたとき
発熱,ノーシンピュア,痛くなったとき・熱が出始めたとき
発熱,ノーシンピュア,痛くなったとき・熱が出始めたとき
発熱,ノーシンピュア,痛くなったとき・熱が出始めたとき
発熱,ノーシンピュア,痛くなったとき・熱が出始めたとき
発熱,ノーシンピュア,痛くなったとき・熱が出始めたとき
発熱,ノーシンピュア,ひどくはなっていないが、痛みや熱がひかないとき
発熱,ノーシンピュア,ひどくはなっていないが、痛みや熱がひかないとき
発熱,ノーシンピュア,ひどくはなっていないが、痛みや熱がひかないとき
発熱,ノーシンピュア,痛みがひどくなりそうなとき・熱が更に上がりそうなとき
発熱,ノーシンピュア,痛みがひどくなりそうなとき・熱が更に上がりそうなとき
発熱,ノーシンピュア,痛みがひどくなりそうなとき・熱が更に上がりそうなとき
発熱,ノーシンピュア,痛みがひどくなりそうなとき・熱が更に上がりそうなとき
発熱,ノーシンピュア,痛みがひどくなりそうなとき・熱が更に上がりそうなとき
発熱,ノーシンピュア,痛みがひどくなりそうなとき・熱が更に上がりそうなとき
発熱,ノーシンピュア,痛みが我慢できなくなったとき・熱が高くなったとき
発熱,ノーシンピュア,痛みが我慢できなくなったとき・熱が高くなったとき
発熱,ノーシンピュア,痛みが我慢できなくなったとき・熱が高くなったとき
発熱,ノーシンピュア,痛みが我慢できなくなったとき・熱が高くなったとき
発熱,ノーシンピュア,痛みが我慢できなくなったとき・熱が高くなったとき
発熱,ノーシンピュア,痛みが我慢できなくなったとき・熱が高くなったとき
発熱,ノーシンピュア,痛みが我慢できなくなったとき・熱が高くなったとき
発熱,ナロンエース,痛くなったとき・熱が出始めたとき
発熱,ナロンエース,痛くなったとき・熱が出始めたとき
発熱,ナロンエース,痛くなったとき・熱が出始めたとき
発熱,ナロンエース,痛くなったとき・熱が出始めたとき
発熱,ナロンエース,痛くなったとき・熱が出始めたとき
発熱,ナロンエース,痛くなったとき・熱が出始めたとき
発熱,ナロンエース,痛くなったとき・熱が出始めたとき
発熱,ナロンエース,痛くなったとき・熱が出始めたとき
発熱,ナロンエース,ひどくはなっていないが、痛みや熱がひかないとき
発熱,ナロンエース,ひどくはなっていないが、痛みや熱がひかないとき
発熱,ナロンエース,痛みがひどくなりそうなとき・熱が更に上がりそうなとき
発熱,ナロンエース,痛みがひどくなりそうなとき・熱が更に上がりそうなとき
発熱,ナロンエース,痛みがひどくなりそうなとき・熱が更に上がりそうなとき
発熱,ナロンエース,痛みがひどくなりそうなとき・熱が更に上がりそうなとき
発熱,ナロンエース,痛みがひどくなりそうなとき・熱が更に上がりそうなとき
発熱,ナロンエース,痛みがひどくなりそうなとき・熱が更に上がりそうなとき
発熱,ナロンエース,痛みが我慢できなくなったとき・熱が高くなったとき
発熱,ナロンエース,痛みが我慢できなくなったとき・熱が高くなったとき
発熱,ナロンエース,痛みが我慢できなくなったとき・熱が高くなったとき
発熱,ナロンエース,痛みが我慢できなくなったとき・熱が高くなったとき
発熱,ナロンエース,痛みが我慢できなくなったとき・熱が高くなったとき
発熱,ナロンエース,痛みが我慢できなくなったとき・熱が高くなったとき
発熱,ナロンエース,痛みが我慢できなくなったとき・熱が高くなったとき
発熱,ナロンエース,痛みが我慢できなくなったとき・熱が高くなったとき
発熱,ナロンエース,痛みが我慢できなくなったとき・熱が高くなったとき
発熱,ナロンエース,痛みが我慢できなくなったとき・熱が高くなったとき
発熱,ナロンエース,痛みが我慢できなくなったとき・熱が高くなったとき
発熱,ナロンエース,痛みが我慢できなくなったとき・熱が高くなったとき
発熱,ナロンエース,痛みが我慢できなくなったとき・熱が高くなったとき
発熱,リングルアイビー,痛くなったとき・熱が出始めたとき
発熱,リングルアイビー,痛くなったとき・熱が出始めたとき
発熱,リングルアイビー,痛くなったとき・熱が出始めたとき
発熱,リングルアイビー,痛くなったとき・熱が出始めたとき
発熱,リングルアイビー,痛くなったとき・熱が出始めたとき
発熱,リングルアイビー,痛くなったとき・熱が出始めたとき
発熱,リングルアイビー,痛くなったとき・熱が出始めたとき
発熱,リングルアイビー,痛くなったとき・熱が出始めたとき
発熱,リングルアイビー,痛くなったとき・熱が出始めたとき
発熱,リングルアイビー,痛くなったとき・熱が出始めたとき
発熱,リングルアイビー,痛くなったとき・熱が出始めたとき
発熱,リングルアイビー,痛くなったとき・熱が出始めたとき
発熱,リングルアイビー,痛くなったとき・熱が出始めたとき
発熱,リングルアイビー,ひどくはなっていないが、痛みや熱がひかないとき
発熱,リングルアイビー,ひどくはなっていないが、痛みや熱がひかないとき
発熱,リングルアイビー,ひどくはなっていないが、痛みや熱がひかないとき
発熱,リングルアイビー,ひどくはなっていないが、痛みや熱がひかないとき
発熱,リングルアイビー,ひどくはなっていないが、痛みや熱がひかないとき
発熱,リングルアイビー,ひどくはなっていないが、痛みや熱がひかないとき
発熱,リングルアイビー,ひどくはなっていないが、痛みや熱がひかないとき
発熱,リングルアイビー,ひどくはなっていないが、痛みや熱がひかないとき
発熱,リングルアイビー,ひどくはなっていないが、痛みや熱がひかないとき
発熱,リングルアイビー,痛みがひどくなりそうなとき・熱が更に上がりそうなとき
発熱,リングルアイビー,痛みがひどくなりそうなとき・熱が更に上がりそうなとき
発熱,リングルアイビー,痛みがひどくなりそうなとき・熱が更に上がりそうなとき
発熱,リングルアイビー,痛みがひどくなりそうなとき・熱が更に上がりそうなとき
発熱,リングルアイビー,痛みがひどくなりそうなとき・熱が更に上がりそうなとき
発熱,リングルアイビー,痛みがひどくなりそうなとき・熱が更に上がりそうなとき
発熱,リングルアイビー,痛みが我慢できなくなったとき・熱が高くなったとき
発熱,リングルアイビー,痛みが我慢できなくなったとき・熱が高くなったとき
発熱,リングルアイビー,痛みが我慢できなくなったとき・熱が高くなったとき
発熱,リングルアイビー,痛みが我慢できなくなったとき・熱が高くなったとき
発熱,リングルアイビー,痛みが我慢できなくなったとき・熱が高くなったとき
発熱,リングルアイビー,痛みが我慢できなくなったとき・熱が高くなったとき
発熱,リングルアイビー,痛みが我慢できなくなったとき・熱が高くなったとき
発熱,リングルアイビー,痛みが我慢できなくなったとき・熱が高くなったとき
発熱,リングルアイビー,痛みが我慢できなくなったとき・熱が高くなったとき
発熱,リングルアイビー,痛みが我慢できなくなったとき・熱が高くなったとき
発熱,リングルアイビー,痛みが我慢できなくなったとき・熱が高くなったとき
発熱,リングルアイビー,痛みが我慢できなくなったとき・熱が高くなったとき
発熱,リングルアイビー,痛みが我慢できなくなったとき・熱が高くなったとき
発熱,リングルアイビー,痛みが我慢できなくなったとき・熱が高くなったとき
発熱,リングルアイビー,痛みが我慢できなくなったとき・熱が高くなったとき
発熱,リングルアイビー,痛みが我慢できなくなったとき・熱が高くなったとき
発熱,リングルアイビー,痛みが我慢できなくなったとき・熱が高くなったとき
発熱,リングルアイビー,痛みが我慢できなくなったとき・熱が高くなったとき
発熱,リングルアイビー,痛みが我慢できなくなったとき・熱が高くなったとき
頭痛,バファリンA,痛くなりそうなとき・熱が出そうなとき
頭痛,バファリンA,痛くなりそうなとき・熱が出そうなとき
頭痛,バファリンA,痛くなりそうなとき・熱が出そうなとき
頭痛,バファリンA,痛くなりそうなとき・熱が出そうなとき
頭痛,バファリンA,痛くなりそうなとき・熱が出そうなとき
頭痛,バファリンA,痛くなりそうなとき・熱が出そうなとき
頭痛,バファリンA,痛くなったとき・熱が出始めたとき
頭痛,バファリンA,痛くなったとき・熱が出始めたとき
頭痛,バファリンA,痛くなったとき・熱が出始めたとき
頭痛,バファリンA,痛くなったとき・熱が出始めたとき
頭痛,バファリンA,痛くなったとき・熱が出始めたとき
頭痛,バファリンA,痛くなったとき・熱が出始めたとき
頭痛,バファリンA,痛くなったとき・熱が出始めたとき
頭痛,バファリンA,痛くなったとき・熱が出始めたとき
頭痛,バファリンA,痛くなったとき・熱が出始めたとき
頭痛,バファリンA,痛くなったとき・熱が出始めたとき
頭痛,バファリンA,痛くなったとき・熱が出始めたとき
頭痛,バファリンA,痛くなったとき・熱が出始めたとき
頭痛,バファリンA,痛くなったとき・熱が出始めたとき
頭痛,バファリンA,痛くなったとき・熱が出始めたとき
頭痛,バファリンA,痛くなったとき・熱が出始めたとき
頭痛,バファリンA,痛くなったとき・熱が出始めたとき
頭痛,バファリンA,痛くなったとき・熱が出始めたとき
頭痛,バファリンA,痛くなったとき・熱が出始めたとき
頭痛,バファリンA,痛くなったとき・熱が出始めたとき
頭痛,バファリンA,痛くなったとき・熱が出始めたとき
頭痛,バファリンA,痛くなったとき・熱が出始めたとき
頭痛,バファリンA,痛くなったとき・熱が出始めたとき
頭痛,バファリンA,痛くなったとき・熱が出始めたとき
頭痛,バファリンA,痛くなったとき・熱が出始めたとき
頭痛,バファリンA,ひどくはなっていないが、痛みや熱がひかないとき
頭痛,バファリンA,ひどくはなっていないが、痛みや熱がひかないとき
頭痛,バファリンA,ひどくはなっていないが、痛みや熱がひかないとき
頭痛,バファリンA,ひどくはなっていないが、痛みや熱がひかないとき
頭痛,バファリンA,ひどくはなっていないが、痛みや熱がひかないとき
頭痛,バファリンA,ひどくはなっていないが、痛みや熱がひかないとき
頭痛,バファリンA,ひどくはなっていないが、痛みや熱がひかないとき
頭痛,バファリンA,痛みがひどくなりそうなとき・熱が更に上がりそうなとき
頭痛,バファリンA,痛みがひどくなりそうなとき・熱が更に上がりそうなとき
頭痛,バファリンA,痛みがひどくなりそうなとき・熱が更に上がりそうなとき
頭痛,バファリンA,痛みがひどくなりそうなとき・熱が更に上がりそうなとき
頭痛,バファリンA,痛みがひどくなりそうなとき・熱が更に上がりそうなとき
頭痛,バファリンA,痛みがひどくなりそうなとき・熱が更に上がりそうなとき
頭痛,バファリンA,痛みがひどくなりそうなとき・熱が更に上がりそうなとき
頭痛,バファリンA,痛みがひどくなりそうなとき・熱が更に上がりそうなとき
頭痛,バファリンA,痛みがひどくなりそうなとき・熱が更に上がりそうなとき
頭痛,バファリンA,痛みがひどくなりそうなとき・熱が更に上がりそうなとき
頭痛,バファリンA,痛みがひどくなりそうなとき・熱が更に上がりそうなとき
頭痛,バファリンA,痛みがひどくなりそうなとき・熱が更に上がりそうなとき
頭痛,バファリンA,痛みが我慢できなくなったとき・熱が高くなったとき
頭痛,バファリンA,痛みが我慢できなくなったとき・熱が高くなったとき
頭痛,バファリンA,痛みが我慢できなくなったとき・熱が高くなったとき
頭痛,バファリンA,痛みが我慢できなくなったとき・熱が高くなったとき
頭痛,バファリンA,痛みが我慢できなくなったとき・熱が高くなったとき
頭痛,バファリンA,痛みが我慢できなくなったとき・熱が高くなったとき
頭痛,バファリンA,痛みが我慢できなくなったとき・熱が高くなったとき
頭痛,バファリンA,痛みが我慢できなくなったとき・熱が高くなったとき
頭痛,バファリンA,痛みが我慢できなくなったとき・熱が高くなったとき
頭痛,バファリンA,痛みが我慢できなくなったとき・熱が高くなったとき
頭痛,バファリンA,痛みが我慢できなくなったとき・熱が高くなったとき
頭痛,バファリンA,痛みが我慢できなくなったとき・熱が高くなったとき
頭痛,バファリンA,痛みが我慢できなくなったとき・熱が高くなったとき
頭痛,バファリンA,痛みが我慢できなくなったとき・熱が高くなったとき
頭痛,バファリンA,痛みが我慢できなくなったとき・熱が高くなったとき
頭痛,バファリンA,痛みが我慢できなくなったとき・熱が高くなったとき
頭痛,バファリンA,痛みが我慢できなくなったとき・熱が高くなったとき
頭痛,イブA錠,痛くなりそうなとき・熱が出そうなとき
頭痛,イブA錠,痛くなりそうなとき・熱が出そうなとき
頭痛,イブA錠,痛くなりそうなとき・熱が出そうなとき
頭痛,イブA錠,痛くなりそうなとき・熱が出そうなとき
頭痛,イブA錠,痛くなりそうなとき・熱が出そうなとき
頭痛,イブA錠,痛くなりそうなとき・熱が出そうなとき
頭痛,イブA錠,痛くなったとき・熱が出始めたとき
頭痛,イブA錠,痛くなったとき・熱が出始めたとき
頭痛,イブA錠,痛くなったとき・熱が出始めたとき
頭痛,イブA錠,痛くなったとき・熱が出始めたとき
頭痛,イブA錠,痛くなったとき・熱が出始めたとき
頭痛,イブA錠,痛くなったとき・熱が出始めたとき
頭痛,イブA錠,痛くなったとき・熱が出始めたとき
頭痛,イブA錠,痛くなったとき・熱が出始めたとき
頭痛,イブA錠,痛くなったとき・熱が出始めたとき
頭痛,イブA錠,痛くなったとき・熱が出始めたとき
頭痛,イブA錠,痛くなったとき・熱が出始めたとき
頭痛,イブA錠,痛くなったとき・熱が出始めたとき
頭痛,イブA錠,痛くなったとき・熱が出始めたとき
頭痛,イブA錠,痛くなったとき・熱が出始めたとき
頭痛,イブA錠,痛くなったとき・熱が出始めたとき
頭痛,イブA錠,痛くなったとき・熱が出始めたとき
頭痛,イブA錠,痛くなったとき・熱が出始めたとき
頭痛,イブA錠,痛くなったとき・熱が出始めたとき
頭痛,イブA錠,痛くなったとき・熱が出始めたとき
頭痛,イブA錠,痛くなったとき・熱が出始めたとき
頭痛,イブA錠,痛くなったとき・熱が出始めたとき
頭痛,イブA錠,痛くなったとき・熱が出始めたとき
頭痛,イブA錠,痛くなったとき・熱が出始めたとき
頭痛,イブA錠,痛くなったとき・熱が出始めたとき
頭痛,イブA錠,ひどくはなっていないが、痛みや熱がひかないとき
頭痛,イブA錠,ひどくはなっていないが、痛みや熱がひかないとき
頭痛,イブA錠,ひどくはなっていないが、痛みや熱がひかないとき
頭痛,イブA錠,ひどくはなっていないが、痛みや熱がひかないとき
頭痛,イブA錠,ひどくはなっていないが、痛みや熱がひかないとき
頭痛,イブA錠,ひどくはなっていないが、痛みや熱がひかないとき
頭痛,イブA錠,ひどくはなっていないが、痛みや熱がひかないとき
頭痛,イブA錠,ひどくはなっていないが、痛みや熱がひかないとき
頭痛,イブA錠,ひどくはなっていないが、痛みや熱がひかないとき
頭痛,イブA錠,ひどくはなっていないが、痛みや熱がひかないとき
頭痛,イブA錠,ひどくはなっていないが、痛みや熱がひかないとき
頭痛,イブA錠,ひどくはなっていないが、痛みや熱がひかないとき
頭痛,イブA錠,ひどくはなっていないが、痛みや熱がひかないとき
頭痛,イブA錠,ひどくはなっていないが、痛みや熱がひかないとき
頭痛,イブA錠,痛みがひどくなりそうなとき・熱が更に上がりそうなとき
頭痛,イブA錠,痛みがひどくなりそうなとき・熱が更に上がりそうなとき
頭痛,イブA錠,痛みがひどくなりそうなとき・熱が更に上がりそうなとき
頭痛,イブA錠,痛みがひどくなりそうなとき・熱が更に上がりそうなとき
頭痛,イブA錠,痛みがひどくなりそうなとき・熱が更に上がりそうなとき
頭痛,イブA錠,痛みがひどくなりそうなとき・熱が更に上がりそうなとき
頭痛,イブA錠,痛みがひどくなりそうなとき・熱が更に上がりそうなとき
頭痛,イブA錠,痛みがひどくなりそうなとき・熱が更に上がりそうなとき
頭痛,イブA錠,痛みがひどくなりそうなとき・熱が更に上がりそうなとき
頭痛,イブA錠,痛みがひどくなりそうなとき・熱が更に上がりそうなとき
頭痛,イブA錠,痛みがひどくなりそうなとき・熱が更に上がりそうなとき
頭痛,イブA錠,痛みがひどくなりそうなとき・熱が更に上がりそうなとき
頭痛,イブA錠,痛みがひどくなりそうなとき・熱が更に上がりそうなとき
頭痛,イブA錠,痛みが我慢できなくなったとき・熱が高くなったとき
頭痛,イブA錠,痛みが我慢できなくなったとき・熱が高くなったとき
頭痛,イブA錠,痛みが我慢できなくなったとき・熱が高くなったとき
頭痛,イブA錠,痛みが我慢できなくなったとき・熱が高くなったとき
頭痛,イブA錠,痛みが我慢できなくなったとき・熱が高くなったとき
頭痛,イブA錠,痛みが我慢できなくなったとき・熱が高くなったとき
頭痛,イブA錠,痛みが我慢できなくなったとき・熱が高くなったとき
頭痛,イブA錠,痛みが我慢できなくなったとき・熱が高くなったとき
頭痛,イブA錠,痛みが我慢できなくなったとき・熱が高くなったとき
頭痛,イブA錠,痛みが我慢できなくなったとき・熱が高くなったとき
頭痛,イブA錠,痛みが我慢できなくなったとき・熱が高くなったとき
頭痛,イブA錠,痛みが我慢できなくなったとき・熱が高くなったとき
頭痛,イブA錠,痛みが我慢できなくなったとき・熱が高くなったとき
頭痛,イブA錠,痛みが我慢できなくなったとき・熱が高くなったとき
頭痛,イブA錠,痛みが我慢できなくなったとき・熱が高くなったとき
頭痛,イブA錠,痛みが我慢できなくなったとき・熱が高くなったとき
頭痛,イブA錠,痛みが我慢できなくなったとき・熱が高くなったとき
頭痛,新セデス錠,痛くなりそうなとき・熱が出そうなとき
頭痛,新セデス錠,痛くなりそうなとき・熱が出そうなとき
頭痛,新セデス錠,痛くなりそうなとき・熱が出そうなとき
頭痛,新セデス錠,痛くなりそうなとき・熱が出そうなとき
頭痛,新セデス錠,痛くなりそうなとき・熱が出そうなとき
頭痛,新セデス錠,痛くなりそうなとき・熱が出そうなとき
頭痛,新セデス錠,痛くなりそうなとき・熱が出そうなとき
頭痛,新セデス錠,痛くなりそうなとき・熱が出そうなとき
頭痛,新セデス錠,痛くなりそうなとき・熱が出そうなとき
頭痛,新セデス錠,痛くなったとき・熱が出始めたとき
頭痛,新セデス錠,痛くなったとき・熱が出始めたとき
頭痛,新セデス錠,痛くなったとき・熱が出始めたとき
頭痛,新セデス錠,痛くなったとき・熱が出始めたとき
頭痛,新セデス錠,痛くなったとき・熱が出始めたとき
頭痛,新セデス錠,痛くなったとき・熱が出始めたとき
頭痛,新セデス錠,痛くなったとき・熱が出始めたとき
頭痛,新セデス錠,痛くなったとき・熱が出始めたとき
頭痛,新セデス錠,痛くなったとき・熱が出始めたとき
頭痛,新セデス錠,痛くなったとき・熱が出始めたとき
頭痛,新セデス錠,痛くなったとき・熱が出始めたとき
頭痛,新セデス錠,痛くなったとき・熱が出始めたとき
頭痛,新セデス錠,痛くなったとき・熱が出始めたとき
頭痛,新セデス錠,痛くなったとき・熱が出始めたとき
頭痛,新セデス錠,痛くなったとき・熱が出始めたとき
頭痛,新セデス錠,痛くなったとき・熱が出始めたとき
頭痛,新セデス錠,痛くなったとき・熱が出始めたとき
頭痛,新セデス錠,痛くなったとき・熱が出始めたとき
頭痛,新セデス錠,痛くなったとき・熱が出始めたとき
頭痛,新セデス錠,痛くなったとき・熱が出始めたとき
頭痛,新セデス錠,痛くなったとき・熱が出始めたとき
頭痛,新セデス錠,痛くなったとき・熱が出始めたとき
頭痛,新セデス錠,痛くなったとき・熱が出始めたとき
頭痛,新セデス錠,痛くなったとき・熱が出始めたとき
頭痛,新セデス錠,ひどくはなっていないが、痛みや熱がひかないとき
頭痛,新セデス錠,ひどくはなっていないが、痛みや熱がひかないとき
頭痛,新セデス錠,ひどくはなっていないが、痛みや熱がひかないとき
頭痛,新セデス錠,ひどくはなっていないが、痛みや熱がひかないとき
頭痛,新セデス錠,ひどくはなっていないが、痛みや熱がひかないとき
頭痛,新セデス錠,ひどくはなっていないが、痛みや熱がひかないとき
頭痛,新セデス錠,ひどくはなっていないが、痛みや熱がひかないとき
頭痛,新セデス錠,ひどくはなっていないが、痛みや熱がひかないとき
頭痛,新セデス錠,ひどくはなっていないが、痛みや熱がひかないとき
頭痛,新セデス錠,ひどくはなっていないが、痛みや熱がひかないとき
頭痛,新セデス錠,ひどくはなっていないが、痛みや熱がひかないとき
頭痛,新セデス錠,痛みがひどくなりそうなとき・熱が更に上がりそうなとき
頭痛,新セデス錠,痛みがひどくなりそうなとき・熱が更に上がりそうなとき
頭痛,新セデス錠,痛みがひどくなりそうなとき・熱が更に上がりそうなとき
頭痛,新セデス錠,痛みがひどくなりそうなとき・熱が更に上がりそうなとき
頭痛,新セデス錠,痛みがひどくなりそうなとき・熱が更に上がりそうなとき
頭痛,新セデス錠,痛みがひどくなりそうなとき・熱が更に上がりそうなとき
頭痛,新セデス錠,痛みがひどくなりそうなとき・熱が更に上がりそうなとき
頭痛,新セデス錠,痛みがひどくなりそうなとき・熱が更に上がりそうなとき
頭痛,新セデス錠,痛みがひどくなりそうなとき・熱が更に上がりそうなとき
頭痛,新セデス錠,痛みがひどくなりそうなとき・熱が更に上がりそうなとき
頭痛,新セデス錠,痛みがひどくなりそうなとき・熱が更に上がりそうなとき
頭痛,新セデス錠,痛みがひどくなりそうなとき・熱が更に上がりそうなとき
頭痛,新セデス錠,痛みがひどくなりそうなとき・熱が更に上がりそうなとき
頭痛,新セデス錠,痛みが我慢できなくなったとき・熱が高くなったとき
頭痛,新セデス錠,痛みが我慢できなくなったとき・熱が高くなったとき
頭痛,新セデス錠,痛みが我慢できなくなったとき・熱が高くなったとき
頭痛,新セデス錠,痛みが我慢できなくなったとき・熱が高くなったとき
頭痛,新セデス錠,痛みが我慢できなくなったとき・熱が高くなったとき
頭痛,新セデス錠,痛みが我慢できなくなったとき・熱が高くなったとき
頭痛,新セデス錠,痛みが我慢できなくなったとき・熱が高くなったとき
頭痛,新セデス錠,痛みが我慢できなくなったとき・熱が高くなったとき
頭痛,新セデス錠,痛みが我慢できなくなったとき・熱が高くなったとき
頭痛,新セデス錠,痛みが我慢できなくなったとき・熱が高くなったとき
頭痛,新セデス錠,痛みが我慢できなくなったとき・熱が高くなったとき
頭痛,新セデス錠,痛みが我慢できなくなったとき・熱が高くなったとき
頭痛,新セデス錠,痛みが我慢できなくなったとき・熱が高くなったとき
頭痛,新セデス錠,痛みが我慢できなくなったとき・熱が高くなったとき
頭痛,新セデス錠,痛みが我慢できなくなったとき・熱が高くなったとき
頭痛,新セデス錠,痛みが我慢できなくなったとき・熱が高くなったとき
頭痛,新セデス錠,痛みが我慢できなくなったとき・熱が高くなったとき
頭痛,新セデス錠,痛みが我慢できなくなったとき・熱が高くなったとき
頭痛,新セデス錠,その他
頭痛,セデスハイ,痛くなりそうなとき・熱が出そうなとき
頭痛,セデスハイ,痛くなりそうなとき・熱が出そうなとき
頭痛,セデスハイ,痛くなりそうなとき・熱が出そうなとき
頭痛,セデスハイ,痛くなりそうなとき・熱が出そうなとき
頭痛,セデスハイ,痛くなりそうなとき・熱が出そうなとき
頭痛,セデスハイ,痛くなりそうなとき・熱が出そうなとき
頭痛,セデスハイ,痛くなりそうなとき・熱が出そうなとき
頭痛,セデスハイ,痛くなりそうなとき・熱が出そうなとき
頭痛,セデスハイ,痛くなったとき・熱が出始めたとき
頭痛,セデスハイ,痛くなったとき・熱が出始めたとき
頭痛,セデスハイ,痛くなったとき・熱が出始めたとき
頭痛,セデスハイ,痛くなったとき・熱が出始めたとき
頭痛,セデスハイ,痛くなったとき・熱が出始めたとき
頭痛,セデスハイ,痛くなったとき・熱が出始めたとき
頭痛,セデスハイ,痛くなったとき・熱が出始めたとき
頭痛,セデスハイ,痛くなったとき・熱が出始めたとき
頭痛,セデスハイ,痛くなったとき・熱が出始めたとき
頭痛,セデスハイ,痛くなったとき・熱が出始めたとき
頭痛,セデスハイ,痛くなったとき・熱が出始めたとき
頭痛,セデスハイ,痛くなったとき・熱が出始めたとき
頭痛,セデスハイ,痛くなったとき・熱が出始めたとき
頭痛,セデスハイ,痛くなったとき・熱が出始めたとき
頭痛,セデスハイ,痛くなったとき・熱が出始めたとき
頭痛,セデスハイ,痛くなったとき・熱が出始めたとき
頭痛,セデスハイ,痛くなったとき・熱が出始めたとき
頭痛,セデスハイ,痛くなったとき・熱が出始めたとき
頭痛,セデスハイ,痛くなったとき・熱が出始めたとき
頭痛,セデスハイ,痛くなったとき・熱が出始めたとき
頭痛,セデスハイ,ひどくはなっていないが、痛みや熱がひかないとき
頭痛,セデスハイ,ひどくはなっていないが、痛みや熱がひかないとき
頭痛,セデスハイ,ひどくはなっていないが、痛みや熱がひかないとき
頭痛,セデスハイ,ひどくはなっていないが、痛みや熱がひかないとき
頭痛,セデスハイ,ひどくはなっていないが、痛みや熱がひかないとき
頭痛,セデスハイ,ひどくはなっていないが、痛みや熱がひかないとき
頭痛,セデスハイ,ひどくはなっていないが、痛みや熱がひかないとき
頭痛,セデスハイ,ひどくはなっていないが、痛みや熱がひかないとき
頭痛,セデスハイ,ひどくはなっていないが、痛みや熱がひかないとき
頭痛,セデスハイ,痛みがひどくなりそうなとき・熱が更に上がりそうなとき
頭痛,セデスハイ,痛みがひどくなりそうなとき・熱が更に上がりそうなとき
頭痛,セデスハイ,痛みがひどくなりそうなとき・熱が更に上がりそうなとき
頭痛,セデスハイ,痛みがひどくなりそうなとき・熱が更に上がりそうなとき
頭痛,セデスハイ,痛みがひどくなりそうなとき・熱が更に上がりそうなとき
頭痛,セデスハイ,痛みがひどくなりそうなとき・熱が更に上がりそうなとき
頭痛,セデスハイ,痛みがひどくなりそうなとき・熱が更に上がりそうなとき
頭痛,セデスハイ,痛みがひどくなりそうなとき・熱が更に上がりそうなとき
頭痛,セデスハイ,痛みがひどくなりそうなとき・熱が更に上がりそうなとき
頭痛,セデスハイ,痛みがひどくなりそうなとき・熱が更に上がりそうなとき
頭痛,セデスハイ,痛みがひどくなりそうなとき・熱が更に上がりそうなとき
頭痛,セデスハイ,痛みがひどくなりそうなとき・熱が更に上がりそうなとき
頭痛,セデスハイ,痛みがひどくなりそうなとき・熱が更に上がりそうなとき
頭痛,セデスハイ,痛みが我慢できなくなったとき・熱が高くなったとき
頭痛,セデスハイ,痛みが我慢できなくなったとき・熱が高くなったとき
頭痛,セデスハイ,痛みが我慢できなくなったとき・熱が高くなったとき
頭痛,セデスハイ,痛みが我慢できなくなったとき・熱が高くなったとき
頭痛,セデスハイ,痛みが我慢できなくなったとき・熱が高くなったとき
頭痛,セデスハイ,痛みが我慢できなくなったとき・熱が高くなったとき
頭痛,セデスハイ,痛みが我慢できなくなったとき・熱が高くなったとき
頭痛,セデスハイ,痛みが我慢できなくなったとき・熱が高くなったとき
頭痛,セデスハイ,痛みが我慢できなくなったとき・熱が高くなったとき
頭痛,セデスハイ,痛みが我慢できなくなったとき・熱が高くなったとき
頭痛,セデスハイ,痛みが我慢できなくなったとき・熱が高くなったとき
頭痛,セデスハイ,痛みが我慢できなくなったとき・熱が高くなったとき
頭痛,セデスハイ,痛みが我慢できなくなったとき・熱が高くなったとき
頭痛,セデスハイ,痛みが我慢できなくなったとき・熱が高くなったとき
頭痛,セデスハイ,痛みが我慢できなくなったとき・熱が高くなったとき
頭痛,セデスハイ,痛みが我慢できなくなったとき・熱が高くなったとき
頭痛,セデスハイ,痛みが我慢できなくなったとき・熱が高くなったとき
頭痛,セデスハイ,痛みが我慢できなくなったとき・熱が高くなったとき
頭痛,セデスハイ,痛みが我慢できなくなったとき・熱が高くなったとき
頭痛,セデスハイ,痛みが我慢できなくなったとき・熱が高くなったとき
頭痛,セデスハイ,痛みが我慢できなくなったとき・熱が高くなったとき
頭痛,セデスハイ,痛みが我慢できなくなったとき・熱が高くなったとき
頭痛,セデスハイ,痛みが我慢できなくなったとき・熱が高くなったとき
頭痛,セデスハイ,痛みが我慢できなくなったとき・熱が高くなったとき
頭痛,セデスハイ,痛みが我慢できなくなったとき・熱が高くなったとき
頭痛,セデスハイ,痛みが我慢できなくなったとき・熱が高くなったとき
頭痛,セデスハイ,痛みが我慢できなくなったとき・熱が高くなったとき
頭痛,セデスV,痛くなりそうなとき・熱が出そうなとき
頭痛,セデスV,痛くなりそうなとき・熱が出そうなとき
頭痛,セデスV,痛くなりそうなとき・熱が出そうなとき
頭痛,セデスV,痛くなりそうなとき・熱が出そうなとき
頭痛,セデスV,痛くなりそうなとき・熱が出そうなとき
頭痛,セデスV,痛くなりそうなとき・熱が出そうなとき
頭痛,セデスV,痛くなりそうなとき・熱が出そうなとき
頭痛,セデスV,痛くなりそうなとき・熱が出そうなとき
頭痛,セデスV,痛くなりそうなとき・熱が出そうなとき
頭痛,セデスV,痛くなりそうなとき・熱が出そうなとき
頭痛,セデスV,痛くなりそうなとき・熱が出そうなとき
頭痛,セデスV,痛くなりそうなとき・熱が出そうなとき
頭痛,セデスV,痛くなったとき・熱が出始めたとき
頭痛,セデスV,痛くなったとき・熱が出始めたとき
頭痛,セデスV,痛くなったとき・熱が出始めたとき
頭痛,セデスV,痛くなったとき・熱が出始めたとき
頭痛,セデスV,痛くなったとき・熱が出始めたとき
頭痛,セデスV,痛くなったとき・熱が出始めたとき
頭痛,セデスV,痛くなったとき・熱が出始めたとき
頭痛,セデスV,痛くなったとき・熱が出始めたとき
頭痛,セデスV,痛くなったとき・熱が出始めたとき
頭痛,セデスV,痛くなったとき・熱が出始めたとき
頭痛,セデスV,痛くなったとき・熱が出始めたとき
頭痛,セデスV,痛くなったとき・熱が出始めたとき
頭痛,セデスV,痛くなったとき・熱が出始めたとき
頭痛,セデスV,痛くなったとき・熱が出始めたとき
頭痛,セデスV,痛くなったとき・熱が出始めたとき
頭痛,セデスV,痛くなったとき・熱が出始めたとき
頭痛,セデスV,痛くなったとき・熱が出始めたとき
頭痛,セデスV,痛くなったとき・熱が出始めたとき
頭痛,セデスV,痛くなったとき・熱が出始めたとき
頭痛,セデスV,痛くなったとき・熱が出始めたとき
頭痛,セデスV,痛くなったとき・熱が出始めたとき
頭痛,セデスV,痛くなったとき・熱が出始めたとき
頭痛,セデスV,痛くなったとき・熱が出始めたとき
頭痛,セデスV,痛くなったとき・熱が出始めたとき
頭痛,セデスV,痛くなったとき・熱が出始めたとき
頭痛,セデスV,痛くなったとき・熱が出始めたとき
頭痛,セデスV,痛くなったとき・熱が出始めたとき
頭痛,セデスV,痛くなったとき・熱が出始めたとき
頭痛,セデスV,ひどくはなっていないが、痛みや熱がひかないとき
頭痛,セデスV,ひどくはなっていないが、痛みや熱がひかないとき
頭痛,セデスV,ひどくはなっていないが、痛みや熱がひかないとき
頭痛,セデスV,ひどくはなっていないが、痛みや熱がひかないとき
頭痛,セデスV,ひどくはなっていないが、痛みや熱がひかないとき
頭痛,セデスV,ひどくはなっていないが、痛みや熱がひかないとき
頭痛,セデスV,ひどくはなっていないが、痛みや熱がひかないとき
頭痛,セデスV,ひどくはなっていないが、痛みや熱がひかないとき
頭痛,セデスV,ひどくはなっていないが、痛みや熱がひかないとき
頭痛,セデスV,ひどくはなっていないが、痛みや熱がひかないとき
頭痛,セデスV,ひどくはなっていないが、痛みや熱がひかないとき
頭痛,セデスV,ひどくはなっていないが、痛みや熱がひかないとき
頭痛,セデスV,ひどくはなっていないが、痛みや熱がひかないとき
頭痛,セデスV,ひどくはなっていないが、痛みや熱がひかないとき
頭痛,セデスV,ひどくはなっていないが、痛みや熱がひかないとき
頭痛,セデスV,ひどくはなっていないが、痛みや熱がひかないとき
頭痛,セデスV,ひどくはなっていないが、痛みや熱がひかないとき
頭痛,セデスV,痛みがひどくなりそうなとき・熱が更に上がりそうなとき
頭痛,セデスV,痛みがひどくなりそうなとき・熱が更に上がりそうなとき
頭痛,セデスV,痛みがひどくなりそうなとき・熱が更に上がりそうなとき
頭痛,セデスV,痛みがひどくなりそうなとき・熱が更に上がりそうなとき
頭痛,セデスV,痛みがひどくなりそうなとき・熱が更に上がりそうなとき
頭痛,セデスV,痛みがひどくなりそうなとき・熱が更に上がりそうなとき
頭痛,セデスV,痛みがひどくなりそうなとき・熱が更に上がりそうなとき
頭痛,セデスV,痛みがひどくなりそうなとき・熱が更に上がりそうなとき
頭痛,セデスV,痛みがひどくなりそうなとき・熱が更に上がりそうなとき
頭痛,セデスV,痛みがひどくなりそうなとき・熱が更に上がりそうなとき
頭痛,セデスV,痛みがひどくなりそうなとき・熱が更に上がりそうなとき
頭痛,セデスV,痛みがひどくなりそうなとき・熱が更に上がりそうなとき
頭痛,セデスV,痛みがひどくなりそうなとき・熱が更に上がりそうなとき
頭痛,セデスV,痛みがひどくなりそうなとき・熱が更に上がりそうなとき
頭痛,セデスV,痛みがひどくなりそうなとき・熱が更に上がりそうなとき
頭痛,セデスV,痛みがひどくなりそうなとき・熱が更に上がりそうなとき
頭痛,セデスV,痛みがひどくなりそうなとき・熱が更に上がりそうなとき
頭痛,セデスV,痛みがひどくなりそうなとき・熱が更に上がりそうなとき
頭痛,セデスV,痛みが我慢できなくなったとき・熱が高くなったとき
頭痛,セデスV,痛みが我慢できなくなったとき・熱が高くなったとき
頭痛,セデスV,痛みが我慢できなくなったとき・熱が高くなったとき
頭痛,セデスV,痛みが我慢できなくなったとき・熱が高くなったとき
頭痛,セデスV,痛みが我慢できなくなったとき・熱が高くなったとき
頭痛,セデスV,痛みが我慢できなくなったとき・熱が高くなったとき
頭痛,セデスV,痛みが我慢できなくなったとき・熱が高くなったとき
頭痛,セデスV,痛みが我慢できなくなったとき・熱が高くなったとき
頭痛,セデスV,痛みが我慢できなくなったとき・熱が高くなったとき
頭痛,セデスV,痛みが我慢できなくなったとき・熱が高くなったとき
頭痛,セデスV,痛みが我慢できなくなったとき・熱が高くなったとき
頭痛,セデスV,痛みが我慢できなくなったとき・熱が高くなったとき
頭痛,セデスV,痛みが我慢できなくなったとき・熱が高くなったとき
頭痛,セデスV,痛みが我慢できなくなったとき・熱が高くなったとき
頭痛,セデスV,痛みが我慢できなくなったとき・熱が高くなったとき
頭痛,セデスV,痛みが我慢できなくなったとき・熱が高くなったとき
頭痛,セデスV,痛みが我慢できなくなったとき・熱が高くなったとき
頭痛,セデスV,痛みが我慢できなくなったとき・熱が高くなったとき
頭痛,セデスV,その他
頭痛,セデスキュア,痛くなりそうなとき・熱が出そうなとき
頭痛,セデスキュア,痛くなりそうなとき・熱が出そうなとき
頭痛,セデスキュア,痛くなりそうなとき・熱が出そうなとき
頭痛,セデスキュア,痛くなりそうなとき・熱が出そうなとき
頭痛,セデスキュア,痛くなりそうなとき・熱が出そうなとき
頭痛,セデスキュア,痛くなりそうなとき・熱が出そうなとき
頭痛,セデスキュア,痛くなったとき・熱が出始めたとき
頭痛,セデスキュア,痛くなったとき・熱が出始めたとき
頭痛,セデスキュア,痛くなったとき・熱が出始めたとき
頭痛,セデスキュア,痛くなったとき・熱が出始めたとき
頭痛,セデスキュア,痛くなったとき・熱が出始めたとき
頭痛,セデスキュア,痛くなったとき・熱が出始めたとき
頭痛,セデスキュア,痛くなったとき・熱が出始めたとき
頭痛,セデスキュア,痛くなったとき・熱が出始めたとき
頭痛,セデスキュア,痛くなったとき・熱が出始めたとき
頭痛,セデスキュア,痛くなったとき・熱が出始めたとき
頭痛,セデスキュア,痛くなったとき・熱が出始めたとき
頭痛,セデスキュア,痛くなったとき・熱が出始めたとき
頭痛,セデスキュア,痛くなったとき・熱が出始めたとき
頭痛,セデスキュア,痛くなったとき・熱が出始めたとき
頭痛,セデスキュア,痛くなったとき・熱が出始めたとき
頭痛,セデスキュア,痛くなったとき・熱が出始めたとき
頭痛,セデスキュア,痛くなったとき・熱が出始めたとき
頭痛,セデスキュア,痛くなったとき・熱が出始めたとき
頭痛,セデスキュア,痛くなったとき・熱が出始めたとき
頭痛,セデスキュア,ひどくはなっていないが、痛みや熱がひかないとき
頭痛,セデスキュア,ひどくはなっていないが、痛みや熱がひかないとき
頭痛,セデスキュア,ひどくはなっていないが、痛みや熱がひかないとき
頭痛,セデスキュア,ひどくはなっていないが、痛みや熱がひかないとき
頭痛,セデスキュア,ひどくはなっていないが、痛みや熱がひかないとき
頭痛,セデスキュア,ひどくはなっていないが、痛みや熱がひかないとき
頭痛,セデスキュア,ひどくはなっていないが、痛みや熱がひかないとき
頭痛,セデスキュア,ひどくはなっていないが、痛みや熱がひかないとき
頭痛,セデスキュア,ひどくはなっていないが、痛みや熱がひかないとき
頭痛,セデスキュア,ひどくはなっていないが、痛みや熱がひかないとき
頭痛,セデスキュア,痛みがひどくなりそうなとき・熱が更に上がりそうなとき
頭痛,セデスキュア,痛みがひどくなりそうなとき・熱が更に上がりそうなとき
頭痛,セデスキュア,痛みがひどくなりそうなとき・熱が更に上がりそうなとき
頭痛,セデスキュア,痛みがひどくなりそうなとき・熱が更に上がりそうなとき
頭痛,セデスキュア,痛みがひどくなりそうなとき・熱が更に上がりそうなとき
頭痛,セデスキュア,痛みがひどくなりそうなとき・熱が更に上がりそうなとき
頭痛,セデスキュア,痛みがひどくなりそうなとき・熱が更に上がりそうなとき
頭痛,セデスキュア,痛みがひどくなりそうなとき・熱が更に上がりそうなとき
頭痛,セデスキュア,痛みがひどくなりそうなとき・熱が更に上がりそうなとき
頭痛,セデスキュア,痛みがひどくなりそうなとき・熱が更に上がりそうなとき
頭痛,セデスキュア,痛みがひどくなりそうなとき・熱が更に上がりそうなとき
頭痛,セデスキュア,痛みがひどくなりそうなとき・熱が更に上がりそうなとき
頭痛,セデスキュア,痛みがひどくなりそうなとき・熱が更に上がりそうなとき
頭痛,セデスキュア,痛みがひどくなりそうなとき・熱が更に上がりそうなとき
頭痛,セデスキュア,痛みが我慢できなくなったとき・熱が高くなったとき
頭痛,セデスキュア,痛みが我慢できなくなったとき・熱が高くなったとき
頭痛,セデスキュア,痛みが我慢できなくなったとき・熱が高くなったとき
頭痛,セデスキュア,痛みが我慢できなくなったとき・熱が高くなったとき
頭痛,セデスキュア,痛みが我慢できなくなったとき・熱が高くなったとき
頭痛,セデスキュア,痛みが我慢できなくなったとき・熱が高くなったとき
頭痛,セデスキュア,痛みが我慢できなくなったとき・熱が高くなったとき
頭痛,セデスキュア,痛みが我慢できなくなったとき・熱が高くなったとき
頭痛,セデスキュア,痛みが我慢できなくなったとき・熱が高くなったとき
頭痛,セデスキュア,痛みが我慢できなくなったとき・熱が高くなったとき
頭痛,セデスキュア,痛みが我慢できなくなったとき・熱が高くなったとき
頭痛,セデスキュア,痛みが我慢できなくなったとき・熱が高くなったとき
頭痛,セデスキュア,痛みが我慢できなくなったとき・熱が高くなったとき
頭痛,セデスキュア,痛みが我慢できなくなったとき・熱が高くなったとき
頭痛,セデスキュア,痛みが我慢できなくなったとき・熱が高くなったとき
頭痛,セデスキュア,痛みが我慢できなくなったとき・熱が高くなったとき
頭痛,セデスキュア,痛みが我慢できなくなったとき・熱が高くなったとき
頭痛,セデスキュア,痛みが我慢できなくなったとき・熱が高くなったとき
頭痛,セデスキュア,その他
頭痛,ノーシン錠,痛くなりそうなとき・熱が出そうなとき
頭痛,ノーシン錠,痛くなりそうなとき・熱が出そうなとき
頭痛,ノーシン錠,痛くなりそうなとき・熱が出そうなとき
頭痛,ノーシン錠,痛くなりそうなとき・熱が出そうなとき
頭痛,ノーシン錠,痛くなりそうなとき・熱が出そうなとき
頭痛,ノーシン錠,痛くなったとき・熱が出始めたとき
頭痛,ノーシン錠,痛くなったとき・熱が出始めたとき
頭痛,ノーシン錠,痛くなったとき・熱が出始めたとき
頭痛,ノーシン錠,痛くなったとき・熱が出始めたとき
頭痛,ノーシン錠,痛くなったとき・熱が出始めたとき
頭痛,ノーシン錠,痛くなったとき・熱が出始めたとき
頭痛,ノーシン錠,痛くなったとき・熱が出始めたとき
頭痛,ノーシン錠,痛くなったとき・熱が出始めたとき
頭痛,ノーシン錠,痛くなったとき・熱が出始めたとき
頭痛,ノーシン錠,痛くなったとき・熱が出始めたとき
頭痛,ノーシン錠,痛くなったとき・熱が出始めたとき
頭痛,ノーシン錠,痛くなったとき・熱が出始めたとき
頭痛,ノーシン錠,痛くなったとき・熱が出始めたとき
頭痛,ノーシン錠,痛くなったとき・熱が出始めたとき
頭痛,ノーシン錠,痛くなったとき・熱が出始めたとき
頭痛,ノーシン錠,痛くなったとき・熱が出始めたとき
頭痛,ノーシン錠,痛くなったとき・熱が出始めたとき
頭痛,ノーシン錠,痛くなったとき・熱が出始めたとき
頭痛,ノーシン錠,痛くなったとき・熱が出始めたとき
頭痛,ノーシン錠,痛くなったとき・熱が出始めたとき
頭痛,ノーシン錠,ひどくはなっていないが、痛みや熱がひかないとき
頭痛,ノーシン錠,ひどくはなっていないが、痛みや熱がひかないとき
頭痛,ノーシン錠,ひどくはなっていないが、痛みや熱がひかないとき
頭痛,ノーシン錠,ひどくはなっていないが、痛みや熱がひかないとき
頭痛,ノーシン錠,ひどくはなっていないが、痛みや熱がひかないとき
頭痛,ノーシン錠,ひどくはなっていないが、痛みや熱がひかないとき
頭痛,ノーシン錠,ひどくはなっていないが、痛みや熱がひかないとき
頭痛,ノーシン錠,ひどくはなっていないが、痛みや熱がひかないとき
頭痛,ノーシン錠,痛みがひどくなりそうなとき・熱が更に上がりそうなとき
頭痛,ノーシン錠,痛みがひどくなりそうなとき・熱が更に上がりそうなとき
頭痛,ノーシン錠,痛みがひどくなりそうなとき・熱が更に上がりそうなとき
頭痛,ノーシン錠,痛みがひどくなりそうなとき・熱が更に上がりそうなとき
頭痛,ノーシン錠,痛みがひどくなりそうなとき・熱が更に上がりそうなとき
頭痛,ノーシン錠,痛みがひどくなりそうなとき・熱が更に上がりそうなとき
頭痛,ノーシン錠,痛みがひどくなりそうなとき・熱が更に上がりそうなとき
頭痛,ノーシン錠,痛みがひどくなりそうなとき・熱が更に上がりそうなとき
頭痛,ノーシン錠,痛みがひどくなりそうなとき・熱が更に上がりそうなとき
頭痛,ノーシン錠,痛みが我慢できなくなったとき・熱が高くなったとき
頭痛,ノーシン錠,痛みが我慢できなくなったとき・熱が高くなったとき
頭痛,ノーシン錠,痛みが我慢できなくなったとき・熱が高くなったとき
頭痛,ノーシン錠,痛みが我慢できなくなったとき・熱が高くなったとき
頭痛,ノーシン錠,痛みが我慢できなくなったとき・熱が高くなったとき
頭痛,ノーシン錠,痛みが我慢できなくなったとき・熱が高くなったとき
頭痛,ノーシン錠,痛みが我慢できなくなったとき・熱が高くなったとき
頭痛,ノーシン錠,痛みが我慢できなくなったとき・熱が高くなったとき
頭痛,ノーシン錠,痛みが我慢できなくなったとき・熱が高くなったとき
頭痛,ノーシン錠,痛みが我慢できなくなったとき・熱が高くなったとき
頭痛,ノーシン錠,痛みが我慢できなくなったとき・熱が高くなったとき
頭痛,ノーシン錠,痛みが我慢できなくなったとき・熱が高くなったとき
頭痛,ノーシン錠,痛みが我慢できなくなったとき・熱が高くなったとき
頭痛,ノーシン錠,痛みが我慢できなくなったとき・熱が高くなったとき
頭痛,ノーシン錠,痛みが我慢できなくなったとき・熱が高くなったとき
頭痛,ノーシン錠,痛みが我慢できなくなったとき・熱が高くなったとき
頭痛,ノーシン錠,痛みが我慢できなくなったとき・熱が高くなったとき
頭痛,ノーシン錠,痛みが我慢できなくなったとき・熱が高くなったとき
頭痛,ノーシン錠,痛みが我慢できなくなったとき・熱が高くなったとき
頭痛,ノーシン錠,痛みが我慢できなくなったとき・熱が高くなったとき
頭痛,ノーシン錠,痛みが我慢できなくなったとき・熱が高くなったとき
頭痛,ノーシン錠,痛みが我慢できなくなったとき・熱が高くなったとき
頭痛,ノーシンピュア,痛くなりそうなとき・熱が出そうなとき
頭痛,ノーシンピュア,痛くなりそうなとき・熱が出そうなとき
頭痛,ノーシンピュア,痛くなりそうなとき・熱が出そうなとき
頭痛,ノーシンピュア,痛くなりそうなとき・熱が出そうなとき
頭痛,ノーシンピュア,痛くなったとき・熱が出始めたとき
頭痛,ノーシンピュア,痛くなったとき・熱が出始めたとき
頭痛,ノーシンピュア,痛くなったとき・熱が出始めたとき
頭痛,ノーシンピュア,痛くなったとき・熱が出始めたとき
頭痛,ノーシンピュア,痛くなったとき・熱が出始めたとき
頭痛,ノーシンピュア,痛くなったとき・熱が出始めたとき
頭痛,ノーシンピュア,痛くなったとき・熱が出始めたとき
頭痛,ノーシンピュア,痛くなったとき・熱が出始めたとき
頭痛,ノーシンピュア,痛くなったとき・熱が出始めたとき
頭痛,ノーシンピュア,痛くなったとき・熱が出始めたとき
頭痛,ノーシンピュア,痛くなったとき・熱が出始めたとき
頭痛,ノーシンピュア,痛くなったとき・熱が出始めたとき
頭痛,ノーシンピュア,痛くなったとき・熱が出始めたとき
頭痛,ノーシンピュア,痛くなったとき・熱が出始めたとき
頭痛,ノーシンピュア,痛くなったとき・熱が出始めたとき
頭痛,ノーシンピュア,痛くなったとき・熱が出始めたとき
頭痛,ノーシンピュア,痛くなったとき・熱が出始めたとき
頭痛,ノーシンピュア,痛くなったとき・熱が出始めたとき
頭痛,ノーシンピュア,痛くなったとき・熱が出始めたとき
頭痛,ノーシンピュア,ひどくはなっていないが、痛みや熱がひかないとき
頭痛,ノーシンピュア,ひどくはなっていないが、痛みや熱がひかないとき
頭痛,ノーシンピュア,ひどくはなっていないが、痛みや熱がひかないとき
頭痛,ノーシンピュア,ひどくはなっていないが、痛みや熱がひかないとき
頭痛,ノーシンピュア,ひどくはなっていないが、痛みや熱がひかないとき
頭痛,ノーシンピュア,ひどくはなっていないが、痛みや熱がひかないとき
頭痛,ノーシンピュア,痛みがひどくなりそうなとき・熱が更に上がりそうなとき
頭痛,ノーシンピュア,痛みがひどくなりそうなとき・熱が更に上がりそうなとき
頭痛,ノーシンピュア,痛みがひどくなりそうなとき・熱が更に上がりそうなとき
頭痛,ノーシンピュア,痛みがひどくなりそうなとき・熱が更に上がりそうなとき
頭痛,ノーシンピュア,痛みがひどくなりそうなとき・熱が更に上がりそうなとき
頭痛,ノーシンピュア,痛みがひどくなりそうなとき・熱が更に上がりそうなとき
頭痛,ノーシンピュア,痛みがひどくなりそうなとき・熱が更に上がりそうなとき
頭痛,ノーシンピュア,痛みがひどくなりそうなとき・熱が更に上がりそうなとき
頭痛,ノーシンピュア,痛みがひどくなりそうなとき・熱が更に上がりそうなとき
頭痛,ノーシンピュア,痛みがひどくなりそうなとき・熱が更に上がりそうなとき
頭痛,ノーシンピュア,痛みがひどくなりそうなとき・熱が更に上がりそうなとき
頭痛,ノーシンピュア,痛みがひどくなりそうなとき・熱が更に上がりそうなとき
頭痛,ノーシンピュア,痛みがひどくなりそうなとき・熱が更に上がりそうなとき
頭痛,ノーシンピュア,痛みが我慢できなくなったとき・熱が高くなったとき
頭痛,ノーシンピュア,痛みが我慢できなくなったとき・熱が高くなったとき
頭痛,ノーシンピュア,痛みが我慢できなくなったとき・熱が高くなったとき
頭痛,ノーシンピュア,痛みが我慢できなくなったとき・熱が高くなったとき
頭痛,ノーシンピュア,痛みが我慢できなくなったとき・熱が高くなったとき
頭痛,ノーシンピュア,痛みが我慢できなくなったとき・熱が高くなったとき
頭痛,ノーシンピュア,痛みが我慢できなくなったとき・熱が高くなったとき
頭痛,ノーシンピュア,痛みが我慢できなくなったとき・熱が高くなったとき
頭痛,ノーシンピュア,痛みが我慢できなくなったとき・熱が高くなったとき
頭痛,ノーシンピュア,痛みが我慢できなくなったとき・熱が高くなったとき
頭痛,ノーシンピュア,痛みが我慢できなくなったとき・熱が高くなったとき
頭痛,ノーシンピュア,痛みが我慢できなくなったとき・熱が高くなったとき
頭痛,ノーシンピュア,痛みが我慢できなくなったとき・熱が高くなったとき
頭痛,ノーシンピュア,痛みが我慢できなくなったとき・熱が高くなったとき
頭痛,ノーシンピュア,痛みが我慢できなくなったとき・熱が高くなったとき
頭痛,ノーシンピュア,痛みが我慢できなくなったとき・熱が高くなったとき
頭痛,ノーシンピュア,痛みが我慢できなくなったとき・熱が高くなったとき
頭痛,ノーシンピュア,痛みが我慢できなくなったとき・熱が高くなったとき
頭痛,ノーシンピュア,痛みが我慢できなくなったとき・熱が高くなったとき
頭痛,ノーシンピュア,痛みが我慢できなくなったとき・熱が高くなったとき
頭痛,ナロンエース,痛くなりそうなとき・熱が出そうなとき
頭痛,ナロンエース,痛くなりそうなとき・熱が出そうなとき
頭痛,ナロンエース,痛くなりそうなとき・熱が出そうなとき
頭痛,ナロンエース,痛くなりそうなとき・熱が出そうなとき
頭痛,ナロンエース,痛くなりそうなとき・熱が出そうなとき
頭痛,ナロンエース,痛くなりそうなとき・熱が出そうなとき
頭痛,ナロンエース,痛くなりそうなとき・熱が出そうなとき
頭痛,ナロンエース,痛くなりそうなとき・熱が出そうなとき
頭痛,ナロンエース,痛くなりそうなとき・熱が出そうなとき
頭痛,ナロンエース,痛くなったとき・熱が出始めたとき
頭痛,ナロンエース,痛くなったとき・熱が出始めたとき
頭痛,ナロンエース,痛くなったとき・熱が出始めたとき
頭痛,ナロンエース,痛くなったとき・熱が出始めたとき
頭痛,ナロンエース,痛くなったとき・熱が出始めたとき
頭痛,ナロンエース,痛くなったとき・熱が出始めたとき
頭痛,ナロンエース,痛くなったとき・熱が出始めたとき
頭痛,ナロンエース,痛くなったとき・熱が出始めたとき
頭痛,ナロンエース,痛くなったとき・熱が出始めたとき
頭痛,ナロンエース,痛くなったとき・熱が出始めたとき
頭痛,ナロンエース,痛くなったとき・熱が出始めたとき
頭痛,ナロンエース,痛くなったとき・熱が出始めたとき
頭痛,ナロンエース,痛くなったとき・熱が出始めたとき
頭痛,ナロンエース,痛くなったとき・熱が出始めたとき
頭痛,ナロンエース,痛くなったとき・熱が出始めたとき
頭痛,ナロンエース,痛くなったとき・熱が出始めたとき
頭痛,ナロンエース,痛くなったとき・熱が出始めたとき
頭痛,ナロンエース,痛くなったとき・熱が出始めたとき
頭痛,ナロンエース,痛くなったとき・熱が出始めたとき
頭痛,ナロンエース,痛くなったとき・熱が出始めたとき
頭痛,ナロンエース,ひどくはなっていないが、痛みや熱がひかないとき
頭痛,ナロンエース,ひどくはなっていないが、痛みや熱がひかないとき
頭痛,ナロンエース,ひどくはなっていないが、痛みや熱がひかないとき
頭痛,ナロンエース,ひどくはなっていないが、痛みや熱がひかないとき
頭痛,ナロンエース,痛みがひどくなりそうなとき・熱が更に上がりそうなとき
頭痛,ナロンエース,痛みがひどくなりそうなとき・熱が更に上がりそうなとき
頭痛,ナロンエース,痛みがひどくなりそうなとき・熱が更に上がりそうなとき
頭痛,ナロンエース,痛みがひどくなりそうなとき・熱が更に上がりそうなとき
頭痛,ナロンエース,痛みがひどくなりそうなとき・熱が更に上がりそうなとき
頭痛,ナロンエース,痛みがひどくなりそうなとき・熱が更に上がりそうなとき
頭痛,ナロンエース,痛みがひどくなりそうなとき・熱が更に上がりそうなとき
頭痛,ナロンエース,痛みがひどくなりそうなとき・熱が更に上がりそうなとき
頭痛,ナロンエース,痛みがひどくなりそうなとき・熱が更に上がりそうなとき
頭痛,ナロンエース,痛みがひどくなりそうなとき・熱が更に上がりそうなとき
頭痛,ナロンエース,痛みがひどくなりそうなとき・熱が更に上がりそうなとき
頭痛,ナロンエース,痛みがひどくなりそうなとき・熱が更に上がりそうなとき
頭痛,ナロンエース,痛みがひどくなりそうなとき・熱が更に上がりそうなとき
頭痛,ナロンエース,痛みがひどくなりそうなとき・熱が更に上がりそうなとき
頭痛,ナロンエース,痛みがひどくなりそうなとき・熱が更に上がりそうなとき
頭痛,ナロンエース,痛みが我慢できなくなったとき・熱が高くなったとき
頭痛,ナロンエース,痛みが我慢できなくなったとき・熱が高くなったとき
頭痛,ナロンエース,痛みが我慢できなくなったとき・熱が高くなったとき
頭痛,ナロンエース,痛みが我慢できなくなったとき・熱が高くなったとき
頭痛,ナロンエース,痛みが我慢できなくなったとき・熱が高くなったとき
頭痛,ナロンエース,痛みが我慢できなくなったとき・熱が高くなったとき
頭痛,ナロンエース,痛みが我慢できなくなったとき・熱が高くなったとき
頭痛,ナロンエース,痛みが我慢できなくなったとき・熱が高くなったとき
頭痛,ナロンエース,痛みが我慢できなくなったとき・熱が高くなったとき
頭痛,ナロンエース,痛みが我慢できなくなったとき・熱が高くなったとき
頭痛,ナロンエース,痛みが我慢できなくなったとき・熱が高くなったとき
頭痛,ナロンエース,痛みが我慢できなくなったとき・熱が高くなったとき
頭痛,ナロンエース,痛みが我慢できなくなったとき・熱が高くなったとき
頭痛,ナロンエース,痛みが我慢できなくなったとき・熱が高くなったとき
頭痛,ナロンエース,痛みが我慢できなくなったとき・熱が高くなったとき
頭痛,ナロンエース,痛みが我慢できなくなったとき・熱が高くなったとき
頭痛,ナロンエース,痛みが我慢できなくなったとき・熱が高くなったとき
頭痛,ナロンエース,痛みが我慢できなくなったとき・熱が高くなったとき
頭痛,ナロンエース,痛みが我慢できなくなったとき・熱が高くなったとき
頭痛,ナロンエース,その他
頭痛,リングルアイビー,痛くなりそうなとき・熱が出そうなとき
頭痛,リングルアイビー,痛くなりそうなとき・熱が出そうなとき
頭痛,リングルアイビー,痛くなりそうなとき・熱が出そうなとき
頭痛,リングルアイビー,痛くなりそうなとき・熱が出そうなとき
頭痛,リングルアイビー,痛くなりそうなとき・熱が出そうなとき
頭痛,リングルアイビー,痛くなりそうなとき・熱が出そうなとき
頭痛,リングルアイビー,痛くなったとき・熱が出始めたとき
頭痛,リングルアイビー,痛くなったとき・熱が出始めたとき
頭痛,リングルアイビー,痛くなったとき・熱が出始めたとき
頭痛,リングルアイビー,痛くなったとき・熱が出始めたとき
頭痛,リングルアイビー,痛くなったとき・熱が出始めたとき
頭痛,リングルアイビー,痛くなったとき・熱が出始めたとき
頭痛,リングルアイビー,痛くなったとき・熱が出始めたとき
頭痛,リングルアイビー,痛くなったとき・熱が出始めたとき
頭痛,リングルアイビー,痛くなったとき・熱が出始めたとき
頭痛,リングルアイビー,痛くなったとき・熱が出始めたとき
頭痛,リングルアイビー,痛くなったとき・熱が出始めたとき
頭痛,リングルアイビー,痛くなったとき・熱が出始めたとき
頭痛,リングルアイビー,痛くなったとき・熱が出始めたとき
頭痛,リングルアイビー,痛くなったとき・熱が出始めたとき
頭痛,リングルアイビー,痛くなったとき・熱が出始めたとき
頭痛,リングルアイビー,痛くなったとき・熱が出始めたとき
頭痛,リングルアイビー,痛くなったとき・熱が出始めたとき
頭痛,リングルアイビー,痛くなったとき・熱が出始めたとき
頭痛,リングルアイビー,痛くなったとき・熱が出始めたとき
頭痛,リングルアイビー,痛くなったとき・熱が出始めたとき
頭痛,リングルアイビー,痛くなったとき・熱が出始めたとき
頭痛,リングルアイビー,ひどくはなっていないが、痛みや熱がひかないとき
頭痛,リングルアイビー,ひどくはなっていないが、痛みや熱がひかないとき
頭痛,リングルアイビー,ひどくはなっていないが、痛みや熱がひかないとき
頭痛,リングルアイビー,ひどくはなっていないが、痛みや熱がひかないとき
頭痛,リングルアイビー,ひどくはなっていないが、痛みや熱がひかないとき
頭痛,リングルアイビー,ひどくはなっていないが、痛みや熱がひかないとき
頭痛,リングルアイビー,ひどくはなっていないが、痛みや熱がひかないとき
頭痛,リングルアイビー,ひどくはなっていないが、痛みや熱がひかないとき
頭痛,リングルアイビー,ひどくはなっていないが、痛みや熱がひかないとき
頭痛,リングルアイビー,ひどくはなっていないが、痛みや熱がひかないとき
頭痛,リングルアイビー,ひどくはなっていないが、痛みや熱がひかないとき
頭痛,リングルアイビー,ひどくはなっていないが、痛みや熱がひかないとき
頭痛,リングルアイビー,ひどくはなっていないが、痛みや熱がひかないとき
頭痛,リングルアイビー,ひどくはなっていないが、痛みや熱がひかないとき
頭痛,リングルアイビー,痛みがひどくなりそうなとき・熱が更に上がりそうなとき
頭痛,リングルアイビー,痛みがひどくなりそうなとき・熱が更に上がりそうなとき
頭痛,リングルアイビー,痛みがひどくなりそうなとき・熱が更に上がりそうなとき
頭痛,リングルアイビー,痛みがひどくなりそうなとき・熱が更に上がりそうなとき
頭痛,リングルアイビー,痛みがひどくなりそうなとき・熱が更に上がりそうなとき
頭痛,リングルアイビー,痛みがひどくなりそうなとき・熱が更に上がりそうなとき
頭痛,リングルアイビー,痛みがひどくなりそうなとき・熱が更に上がりそうなとき
頭痛,リングルアイビー,痛みがひどくなりそうなとき・熱が更に上がりそうなとき
頭痛,リングルアイビー,痛みがひどくなりそうなとき・熱が更に上がりそうなとき
頭痛,リングルアイビー,痛みがひどくなりそうなとき・熱が更に上がりそうなとき
頭痛,リングルアイビー,痛みがひどくなりそうなとき・熱が更に上がりそうなとき
頭痛,リングルアイビー,痛みがひどくなりそうなとき・熱が更に上がりそうなとき
頭痛,リングルアイビー,痛みがひどくなりそうなとき・熱が更に上がりそうなとき
頭痛,リングルアイビー,痛みが我慢できなくなったとき・熱が高くなったとき
頭痛,リングルアイビー,痛みが我慢できなくなったとき・熱が高くなったとき
頭痛,リングルアイビー,痛みが我慢できなくなったとき・熱が高くなったとき
頭痛,リングルアイビー,痛みが我慢できなくなったとき・熱が高くなったとき
頭痛,リングルアイビー,痛みが我慢できなくなったとき・熱が高くなったとき
頭痛,リングルアイビー,痛みが我慢できなくなったとき・熱が高くなったとき
頭痛,リングルアイビー,痛みが我慢できなくなったとき・熱が高くなったとき
頭痛,リングルアイビー,痛みが我慢できなくなったとき・熱が高くなったとき
頭痛,リングルアイビー,痛みが我慢できなくなったとき・熱が高くなったとき
頭痛,リングルアイビー,痛みが我慢できなくなったとき・熱が高くなったとき
頭痛,リングルアイビー,痛みが我慢できなくなったとき・熱が高くなったとき
頭痛,リングルアイビー,痛みが我慢できなくなったとき・熱が高くなったとき
頭痛,リングルアイビー,痛みが我慢できなくなったとき・熱が高くなったとき
頭痛,リングルアイビー,痛みが我慢できなくなったとき・熱が高くなったとき
頭痛,リングルアイビー,痛みが我慢できなくなったとき・熱が高くなったとき
頭痛,リングルアイビー,痛みが我慢できなくなったとき・熱が高くなったとき
頭痛,リングルアイビー,痛みが我慢できなくなったとき・熱が高くなったとき
頭痛,リングルアイビー,痛みが我慢できなくなったとき・熱が高くなったとき
頭痛,リングルアイビー,痛みが我慢できなくなったとき・熱が高くなったとき
肩こり痛,バファリンA,痛くなりそうなとき・熱が出そうなとき
肩こり痛,バファリンA,痛くなったとき・熱が出始めたとき
肩こり痛,バファリンA,痛くなったとき・熱が出始めたとき
肩こり痛,バファリンA,痛くなったとき・熱が出始めたとき
肩こり痛,バファリンA,痛くなったとき・熱が出始めたとき
肩こり痛,バファリンA,痛くなったとき・熱が出始めたとき
肩こり痛,バファリンA,ひどくはなっていないが、痛みや熱がひかないとき
肩こり痛,バファリンA,ひどくはなっていないが、痛みや熱がひかないとき
肩こり痛,バファリンA,ひどくはなっていないが、痛みや熱がひかないとき
肩こり痛,バファリンA,ひどくはなっていないが、痛みや熱がひかないとき
肩こり痛,バファリンA,痛みがひどくなりそうなとき・熱が更に上がりそうなとき
肩こり痛,バファリンA,痛みがひどくなりそうなとき・熱が更に上がりそうなとき
肩こり痛,バファリンA,痛みがひどくなりそうなとき・熱が更に上がりそうなとき
肩こり痛,バファリンA,痛みが我慢できなくなったとき・熱が高くなったとき
肩こり痛,バファリンA,痛みが我慢できなくなったとき・熱が高くなったとき
肩こり痛,バファリンA,痛みが我慢できなくなったとき・熱が高くなったとき
肩こり痛,バファリンA,痛みが我慢できなくなったとき・熱が高くなったとき
肩こり痛,バファリンA,その他
肩こり痛,バファリンA,その他
肩こり痛,イブA錠,痛くなりそうなとき・熱が出そうなとき
肩こり痛,イブA錠,痛くなったとき・熱が出始めたとき
肩こり痛,イブA錠,痛くなったとき・熱が出始めたとき
肩こり痛,イブA錠,痛くなったとき・熱が出始めたとき
肩こり痛,イブA錠,痛くなったとき・熱が出始めたとき
肩こり痛,イブA錠,ひどくはなっていないが、痛みや熱がひかないとき
肩こり痛,イブA錠,ひどくはなっていないが、痛みや熱がひかないとき
肩こり痛,イブA錠,痛みがひどくなりそうなとき・熱が更に上がりそうなとき
肩こり痛,イブA錠,痛みがひどくなりそうなとき・熱が更に上がりそうなとき
肩こり痛,イブA錠,痛みがひどくなりそうなとき・熱が更に上がりそうなとき
肩こり痛,イブA錠,痛みがひどくなりそうなとき・熱が更に上がりそうなとき
肩こり痛,イブA錠,痛みがひどくなりそうなとき・熱が更に上がりそうなとき
肩こり痛,イブA錠,痛みがひどくなりそうなとき・熱が更に上がりそうなとき
肩こり痛,イブA錠,痛みが我慢できなくなったとき・熱が高くなったとき
肩こり痛,イブA錠,痛みが我慢できなくなったとき・熱が高くなったとき
肩こり痛,イブA錠,痛みが我慢できなくなったとき・熱が高くなったとき
肩こり痛,イブA錠,痛みが我慢できなくなったとき・熱が高くなったとき
肩こり痛,イブA錠,痛みが我慢できなくなったとき・熱が高くなったとき
肩こり痛,イブA錠,痛みが我慢できなくなったとき・熱が高くなったとき
肩こり痛,イブA錠,痛みが我慢できなくなったとき・熱が高くなったとき
肩こり痛,イブA錠,その他
肩こり痛,新セデス錠,痛くなりそうなとき・熱が出そうなとき
肩こり痛,新セデス錠,痛くなったとき・熱が出始めたとき
肩こり痛,新セデス錠,痛くなったとき・熱が出始めたとき
肩こり痛,新セデス錠,痛くなったとき・熱が出始めたとき
肩こり痛,新セデス錠,痛くなったとき・熱が出始めたとき
肩こり痛,新セデス錠,痛くなったとき・熱が出始めたとき
肩こり痛,新セデス錠,ひどくはなっていないが、痛みや熱がひかないとき
肩こり痛,新セデス錠,ひどくはなっていないが、痛みや熱がひかないとき
肩こり痛,新セデス錠,痛みがひどくなりそうなとき・熱が更に上がりそうなとき
肩こり痛,新セデス錠,痛みがひどくなりそうなとき・熱が更に上がりそうなとき
肩こり痛,新セデス錠,痛みがひどくなりそうなとき・熱が更に上がりそうなとき
肩こり痛,新セデス錠,痛みがひどくなりそうなとき・熱が更に上がりそうなとき
肩こり痛,新セデス錠,痛みが我慢できなくなったとき・熱が高くなったとき
肩こり痛,新セデス錠,痛みが我慢できなくなったとき・熱が高くなったとき
肩こり痛,新セデス錠,痛みが我慢できなくなったとき・熱が高くなったとき
肩こり痛,新セデス錠,痛みが我慢できなくなったとき・熱が高くなったとき
肩こり痛,新セデス錠,痛みが我慢できなくなったとき・熱が高くなったとき
肩こり痛,新セデス錠,その他
肩こり痛,セデスハイ,痛くなりそうなとき・熱が出そうなとき
肩こり痛,セデスハイ,痛くなったとき・熱が出始めたとき
肩こり痛,セデスハイ,痛くなったとき・熱が出始めたとき
肩こり痛,セデスハイ,痛くなったとき・熱が出始めたとき
肩こり痛,セデスハイ,痛くなったとき・熱が出始めたとき
肩こり痛,セデスハイ,痛くなったとき・熱が出始めたとき
肩こり痛,セデスハイ,痛くなったとき・熱が出始めたとき
肩こり痛,セデスハイ,ひどくはなっていないが、痛みや熱がひかないとき
肩こり痛,セデスハイ,ひどくはなっていないが、痛みや熱がひかないとき
肩こり痛,セデスハイ,ひどくはなっていないが、痛みや熱がひかないとき
肩こり痛,セデスハイ,痛みがひどくなりそうなとき・熱が更に上がりそうなとき
肩こり痛,セデスハイ,痛みがひどくなりそうなとき・熱が更に上がりそうなとき
肩こり痛,セデスハイ,痛みが我慢できなくなったとき・熱が高くなったとき
肩こり痛,セデスハイ,痛みが我慢できなくなったとき・熱が高くなったとき
肩こり痛,セデスハイ,痛みが我慢できなくなったとき・熱が高くなったとき
肩こり痛,セデスハイ,痛みが我慢できなくなったとき・熱が高くなったとき
肩こり痛,セデスハイ,痛みが我慢できなくなったとき・熱が高くなったとき
肩こり痛,セデスハイ,痛みが我慢できなくなったとき・熱が高くなったとき
肩こり痛,セデスハイ,痛みが我慢できなくなったとき・熱が高くなったとき
肩こり痛,セデスハイ,痛みが我慢できなくなったとき・熱が高くなったとき
肩こり痛,セデスV,痛くなりそうなとき・熱が出そうなとき
肩こり痛,セデスV,痛くなりそうなとき・熱が出そうなとき
肩こり痛,セデスV,痛くなりそうなとき・熱が出そうなとき
肩こり痛,セデスV,痛くなりそうなとき・熱が出そうなとき
肩こり痛,セデスV,痛くなったとき・熱が出始めたとき
肩こり痛,セデスV,痛くなったとき・熱が出始めたとき
肩こり痛,セデスV,痛くなったとき・熱が出始めたとき
肩こり痛,セデスV,痛くなったとき・熱が出始めたとき
肩こり痛,セデスV,痛くなったとき・熱が出始めたとき
肩こり痛,セデスV,痛くなったとき・熱が出始めたとき
肩こり痛,セデスV,痛くなったとき・熱が出始めたとき
肩こり痛,セデスV,痛くなったとき・熱が出始めたとき
肩こり痛,セデスV,痛くなったとき・熱が出始めたとき
肩こり痛,セデスV,痛くなったとき・熱が出始めたとき
肩こり痛,セデスV,痛くなったとき・熱が出始めたとき
肩こり痛,セデスV,ひどくはなっていないが、痛みや熱がひかないとき
肩こり痛,セデスV,ひどくはなっていないが、痛みや熱がひかないとき
肩こり痛,セデスV,ひどくはなっていないが、痛みや熱がひかないとき
肩こり痛,セデスV,ひどくはなっていないが、痛みや熱がひかないとき
肩こり痛,セデスV,ひどくはなっていないが、痛みや熱がひかないとき
肩こり痛,セデスV,ひどくはなっていないが、痛みや熱がひかないとき
肩こり痛,セデスV,痛みがひどくなりそうなとき・熱が更に上がりそうなとき
肩こり痛,セデスV,痛みがひどくなりそうなとき・熱が更に上がりそうなとき
肩こり痛,セデスV,痛みがひどくなりそうなとき・熱が更に上がりそうなとき
肩こり痛,セデスV,痛みがひどくなりそうなとき・熱が更に上がりそうなとき
肩こり痛,セデスV,痛みがひどくなりそうなとき・熱が更に上がりそうなとき
肩こり痛,セデスV,痛みがひどくなりそうなとき・熱が更に上がりそうなとき
肩こり痛,セデスV,痛みがひどくなりそうなとき・熱が更に上がりそうなとき
肩こり痛,セデスV,痛みがひどくなりそうなとき・熱が更に上がりそうなとき
肩こり痛,セデスV,痛みがひどくなりそうなとき・熱が更に上がりそうなとき
肩こり痛,セデスV,痛みがひどくなりそうなとき・熱が更に上がりそうなとき
肩こり痛,セデスV,痛みがひどくなりそうなとき・熱が更に上がりそうなとき
肩こり痛,セデスV,痛みが我慢できなくなったとき・熱が高くなったとき
肩こり痛,セデスV,痛みが我慢できなくなったとき・熱が高くなったとき
肩こり痛,セデスV,痛みが我慢できなくなったとき・熱が高くなったとき
肩こり痛,セデスV,痛みが我慢できなくなったとき・熱が高くなったとき
肩こり痛,セデスV,痛みが我慢できなくなったとき・熱が高くなったとき
肩こり痛,セデスV,痛みが我慢できなくなったとき・熱が高くなったとき
肩こり痛,セデスV,痛みが我慢できなくなったとき・熱が高くなったとき
肩こり痛,セデスV,痛みが我慢できなくなったとき・熱が高くなったとき
肩こり痛,セデスV,痛みが我慢できなくなったとき・熱が高くなったとき
肩こり痛,セデスV,痛みが我慢できなくなったとき・熱が高くなったとき
肩こり痛,セデスV,痛みが我慢できなくなったとき・熱が高くなったとき
肩こり痛,セデスV,痛みが我慢できなくなったとき・熱が高くなったとき
肩こり痛,セデスV,痛みが我慢できなくなったとき・熱が高くなったとき
肩こり痛,セデスV,痛みが我慢できなくなったとき・熱が高くなったとき
肩こり痛,セデスV,その他
肩こり痛,セデスキュア,痛くなりそうなとき・熱が出そうなとき
肩こり痛,セデスキュア,痛くなりそうなとき・熱が出そうなとき
肩こり痛,セデスキュア,痛くなりそうなとき・熱が出そうなとき
肩こり痛,セデスキュア,痛くなりそうなとき・熱が出そうなとき
肩こり痛,セデスキュア,痛くなったとき・熱が出始めたとき
肩こり痛,セデスキュア,痛くなったとき・熱が出始めたとき
肩こり痛,セデスキュア,痛くなったとき・熱が出始めたとき
肩こり痛,セデスキュア,痛くなったとき・熱が出始めたとき
肩こり痛,セデスキュア,痛くなったとき・熱が出始めたとき
肩こり痛,セデスキュア,痛くなったとき・熱が出始めたとき
肩こり痛,セデスキュア,痛くなったとき・熱が出始めたとき
肩こり痛,セデスキュア,ひどくはなっていないが、痛みや熱がひかないとき
肩こり痛,セデスキュア,ひどくはなっていないが、痛みや熱がひかないとき
肩こり痛,セデスキュア,ひどくはなっていないが、痛みや熱がひかないとき
肩こり痛,セデスキュア,ひどくはなっていないが、痛みや熱がひかないとき
肩こり痛,セデスキュア,ひどくはなっていないが、痛みや熱がひかないとき
肩こり痛,セデスキュア,痛みがひどくなりそうなとき・熱が更に上がりそうなとき
肩こり痛,セデスキュア,痛みがひどくなりそうなとき・熱が更に上がりそうなとき
肩こり痛,セデスキュア,痛みがひどくなりそうなとき・熱が更に上がりそうなとき
肩こり痛,セデスキュア,痛みがひどくなりそうなとき・熱が更に上がりそうなとき
肩こり痛,セデスキュア,痛みがひどくなりそうなとき・熱が更に上がりそうなとき
肩こり痛,セデスキュア,痛みがひどくなりそうなとき・熱が更に上がりそうなとき
肩こり痛,セデスキュア,痛みが我慢できなくなったとき・熱が高くなったとき
肩こり痛,セデスキュア,痛みが我慢できなくなったとき・熱が高くなったとき
肩こり痛,セデスキュア,痛みが我慢できなくなったとき・熱が高くなったとき
肩こり痛,セデスキュア,痛みが我慢できなくなったとき・熱が高くなったとき
肩こり痛,セデスキュア,痛みが我慢できなくなったとき・熱が高くなったとき
肩こり痛,セデスキュア,痛みが我慢できなくなったとき・熱が高くなったとき
肩こり痛,セデスキュア,その他
肩こり痛,ノーシン錠,痛くなりそうなとき・熱が出そうなとき
肩こり痛,ノーシン錠,痛くなりそうなとき・熱が出そうなとき
肩こり痛,ノーシン錠,痛くなったとき・熱が出始めたとき
肩こり痛,ノーシン錠,痛くなったとき・熱が出始めたとき
肩こり痛,ノーシン錠,痛くなったとき・熱が出始めたとき
肩こり痛,ノーシン錠,痛くなったとき・熱が出始めたとき
肩こり痛,ノーシン錠,痛くなったとき・熱が出始めたとき
肩こり痛,ノーシン錠,痛くなったとき・熱が出始めたとき
肩こり痛,ノーシン錠,痛くなったとき・熱が出始めたとき
肩こり痛,ノーシン錠,痛くなったとき・熱が出始めたとき
肩こり痛,ノーシン錠,ひどくはなっていないが、痛みや熱がひかないとき
肩こり痛,ノーシン錠,ひどくはなっていないが、痛みや熱がひかないとき
肩こり痛,ノーシン錠,痛みがひどくなりそうなとき・熱が更に上がりそうなとき
肩こり痛,ノーシン錠,痛みがひどくなりそうなとき・熱が更に上がりそうなとき
肩こり痛,ノーシン錠,痛みがひどくなりそうなとき・熱が更に上がりそうなとき
肩こり痛,ノーシン錠,痛みがひどくなりそうなとき・熱が更に上がりそうなとき
肩こり痛,ノーシン錠,痛みが我慢できなくなったとき・熱が高くなったとき
肩こり痛,ノーシン錠,痛みが我慢できなくなったとき・熱が高くなったとき
肩こり痛,ノーシン錠,痛みが我慢できなくなったとき・熱が高くなったとき
肩こり痛,ノーシン錠,痛みが我慢できなくなったとき・熱が高くなったとき
肩こり痛,ノーシン錠,痛みが我慢できなくなったとき・熱が高くなったとき
肩こり痛,ノーシン錠,痛みが我慢できなくなったとき・熱が高くなったとき
肩こり痛,ノーシン錠,痛みが我慢できなくなったとき・熱が高くなったとき
肩こり痛,ノーシン錠,痛みが我慢できなくなったとき・熱が高くなったとき
肩こり痛,ノーシン錠,痛みが我慢できなくなったとき・熱が高くなったとき
肩こり痛,ノーシン錠,痛みが我慢できなくなったとき・熱が高くなったとき
肩こり痛,ノーシン錠,痛みが我慢できなくなったとき・熱が高くなったとき
肩こり痛,ノーシン錠,痛みが我慢できなくなったとき・熱が高くなったとき
肩こり痛,ノーシン錠,痛みが我慢できなくなったとき・熱が高くなったとき
肩こり痛,ノーシン錠,痛みが我慢できなくなったとき・熱が高くなったとき
肩こり痛,ノーシン錠,痛みが我慢できなくなったとき・熱が高くなったとき
肩こり痛,ノーシンピュア,痛くなりそうなとき・熱が出そうなとき
肩こり痛,ノーシンピュア,痛くなりそうなとき・熱が出そうなとき
肩こり痛,ノーシンピュア,痛くなったとき・熱が出始めたとき
肩こり痛,ノーシンピュア,痛くなったとき・熱が出始めたとき
肩こり痛,ノーシンピュア,ひどくはなっていないが、痛みや熱がひかないとき
肩こり痛,ノーシンピュア,ひどくはなっていないが、痛みや熱がひかないとき
肩こり痛,ノーシンピュア,痛みがひどくなりそうなとき・熱が更に上がりそうなとき
肩こり痛,ノーシンピュア,痛みがひどくなりそうなとき・熱が更に上がりそうなとき
肩こり痛,ノーシンピュア,痛みがひどくなりそうなとき・熱が更に上がりそうなとき
肩こり痛,ノーシンピュア,痛みが我慢できなくなったとき・熱が高くなったとき
肩こり痛,ノーシンピュア,痛みが我慢できなくなったとき・熱が高くなったとき
肩こり痛,ノーシンピュア,痛みが我慢できなくなったとき・熱が高くなったとき
肩こり痛,ノーシンピュア,痛みが我慢できなくなったとき・熱が高くなったとき
肩こり痛,ノーシンピュア,痛みが我慢できなくなったとき・熱が高くなったとき
肩こり痛,ノーシンピュア,痛みが我慢できなくなったとき・熱が高くなったとき
肩こり痛,ノーシンピュア,痛みが我慢できなくなったとき・熱が高くなったとき
肩こり痛,ノーシンピュア,痛みが我慢できなくなったとき・熱が高くなったとき
肩こり痛,ノーシンピュア,その他
肩こり痛,ナロンエース,痛くなったとき・熱が出始めたとき
肩こり痛,ナロンエース,痛くなったとき・熱が出始めたとき
肩こり痛,ナロンエース,ひどくはなっていないが、痛みや熱がひかないとき
肩こり痛,ナロンエース,ひどくはなっていないが、痛みや熱がひかないとき
肩こり痛,ナロンエース,痛みがひどくなりそうなとき・熱が更に上がりそうなとき
肩こり痛,ナロンエース,痛みがひどくなりそうなとき・熱が更に上がりそうなとき
肩こり痛,ナロンエース,痛みがひどくなりそうなとき・熱が更に上がりそうなとき
肩こり痛,ナロンエース,痛みがひどくなりそうなとき・熱が更に上がりそうなとき
肩こり痛,ナロンエース,痛みがひどくなりそうなとき・熱が更に上がりそうなとき
肩こり痛,ナロンエース,痛みが我慢できなくなったとき・熱が高くなったとき
肩こり痛,ナロンエース,痛みが我慢できなくなったとき・熱が高くなったとき
肩こり痛,ナロンエース,痛みが我慢できなくなったとき・熱が高くなったとき
肩こり痛,ナロンエース,痛みが我慢できなくなったとき・熱が高くなったとき
肩こり痛,ナロンエース,痛みが我慢できなくなったとき・熱が高くなったとき
肩こり痛,ナロンエース,痛みが我慢できなくなったとき・熱が高くなったとき
肩こり痛,ナロンエース,痛みが我慢できなくなったとき・熱が高くなったとき
肩こり痛,ナロンエース,痛みが我慢できなくなったとき・熱が高くなったとき
肩こり痛,ナロンエース,痛みが我慢できなくなったとき・熱が高くなったとき
肩こり痛,ナロンエース,痛みが我慢できなくなったとき・熱が高くなったとき
肩こり痛,リングルアイビー,痛くなったとき・熱が出始めたとき
肩こり痛,リングルアイビー,ひどくはなっていないが、痛みや熱がひかないとき
肩こり痛,リングルアイビー,痛みがひどくなりそうなとき・熱が更に上がりそうなとき
肩こり痛,リングルアイビー,痛みがひどくなりそうなとき・熱が更に上がりそうなとき
肩こり痛,リングルアイビー,痛みがひどくなりそうなとき・熱が更に上がりそうなとき
肩こり痛,リングルアイビー,痛みがひどくなりそうなとき・熱が更に上がりそうなとき
肩こり痛,リングルアイビー,痛みが我慢できなくなったとき・熱が高くなったとき
肩こり痛,リングルアイビー,痛みが我慢できなくなったとき・熱が高くなったとき
肩こり痛,リングルアイビー,痛みが我慢できなくなったとき・熱が高くなったとき
肩こり痛,リングルアイビー,痛みが我慢できなくなったとき・熱が高くなったとき
肩こり痛,リングルアイビー,痛みが我慢できなくなったとき・熱が高くなったとき
肩こり痛,リングルアイビー,痛みが我慢できなくなったとき・熱が高くなったとき
肩こり痛,リングルアイビー,痛みが我慢できなくなったとき・熱が高くなったとき
肩こり痛,リングルアイビー,痛みが我慢できなくなったとき・熱が高くなったとき
肩こり痛,リングルアイビー,その他
肩こり痛,リングルアイビー,その他
生理痛,バファリンA,痛くなりそうなとき・熱が出そうなとき
生理痛,バファリンA,痛くなりそうなとき・熱が出そうなとき
生理痛,バファリンA,痛くなりそうなとき・熱が出そうなとき
生理痛,バファリンA,痛くなりそうなとき・熱が出そうなとき
生理痛,バファリンA,痛くなったとき・熱が出始めたとき
生理痛,バファリンA,痛くなったとき・熱が出始めたとき
生理痛,バファリンA,痛くなったとき・熱が出始めたとき
生理痛,バファリンA,痛くなったとき・熱が出始めたとき
生理痛,バファリンA,痛くなったとき・熱が出始めたとき
生理痛,バファリンA,痛くなったとき・熱が出始めたとき
生理痛,バファリンA,痛くなったとき・熱が出始めたとき
生理痛,バファリンA,ひどくはなっていないが、痛みや熱がひかないとき
生理痛,バファリンA,ひどくはなっていないが、痛みや熱がひかないとき
生理痛,バファリンA,痛みがひどくなりそうなとき・熱が更に上がりそうなとき
生理痛,バファリンA,痛みがひどくなりそうなとき・熱が更に上がりそうなとき
生理痛,バファリンA,痛みがひどくなりそうなとき・熱が更に上がりそうなとき
生理痛,バファリンA,痛みが我慢できなくなったとき・熱が高くなったとき
生理痛,バファリンA,痛みが我慢できなくなったとき・熱が高くなったとき
生理痛,バファリンA,痛みが我慢できなくなったとき・熱が高くなったとき
生理痛,バファリンA,痛みが我慢できなくなったとき・熱が高くなったとき
生理痛,バファリンA,痛みが我慢できなくなったとき・熱が高くなったとき
生理痛,バファリンA,痛みが我慢できなくなったとき・熱が高くなったとき
生理痛,バファリンA,痛みが我慢できなくなったとき・熱が高くなったとき
生理痛,イブA錠,痛くなりそうなとき・熱が出そうなとき
生理痛,イブA錠,痛くなりそうなとき・熱が出そうなとき
生理痛,イブA錠,痛くなりそうなとき・熱が出そうなとき
生理痛,イブA錠,痛くなりそうなとき・熱が出そうなとき
生理痛,イブA錠,痛くなりそうなとき・熱が出そうなとき
生理痛,イブA錠,痛くなりそうなとき・熱が出そうなとき
生理痛,イブA錠,痛くなりそうなとき・熱が出そうなとき
生理痛,イブA錠,痛くなりそうなとき・熱が出そうなとき
生理痛,イブA錠,痛くなりそうなとき・熱が出そうなとき
生理痛,イブA錠,痛くなりそうなとき・熱が出そうなとき
生理痛,イブA錠,痛くなったとき・熱が出始めたとき
生理痛,イブA錠,痛くなったとき・熱が出始めたとき
生理痛,イブA錠,痛くなったとき・熱が出始めたとき
生理痛,イブA錠,痛くなったとき・熱が出始めたとき
生理痛,イブA錠,痛くなったとき・熱が出始めたとき
生理痛,イブA錠,痛くなったとき・熱が出始めたとき
生理痛,イブA錠,痛くなったとき・熱が出始めたとき
生理痛,イブA錠,痛くなったとき・熱が出始めたとき
生理痛,イブA錠,痛くなったとき・熱が出始めたとき
生理痛,イブA錠,痛くなったとき・熱が出始めたとき
生理痛,イブA錠,痛くなったとき・熱が出始めたとき
生理痛,イブA錠,痛くなったとき・熱が出始めたとき
生理痛,イブA錠,痛くなったとき・熱が出始めたとき
生理痛,イブA錠,ひどくはなっていないが、痛みや熱がひかないとき
生理痛,イブA錠,ひどくはなっていないが、痛みや熱がひかないとき
生理痛,イブA錠,ひどくはなっていないが、痛みや熱がひかないとき
生理痛,イブA錠,ひどくはなっていないが、痛みや熱がひかないとき
生理痛,イブA錠,ひどくはなっていないが、痛みや熱がひかないとき
生理痛,イブA錠,痛みがひどくなりそうなとき・熱が更に上がりそうなとき
生理痛,イブA錠,痛みがひどくなりそうなとき・熱が更に上がりそうなとき
生理痛,イブA錠,痛みがひどくなりそうなとき・熱が更に上がりそうなとき
生理痛,イブA錠,痛みがひどくなりそうなとき・熱が更に上がりそうなとき
生理痛,イブA錠,痛みがひどくなりそうなとき・熱が更に上がりそうなとき
生理痛,イブA錠,痛みがひどくなりそうなとき・熱が更に上がりそうなとき
生理痛,イブA錠,痛みがひどくなりそうなとき・熱が更に上がりそうなとき
生理痛,イブA錠,痛みがひどくなりそうなとき・熱が更に上がりそうなとき
生理痛,イブA錠,痛みがひどくなりそうなとき・熱が更に上がりそうなとき
生理痛,イブA錠,痛みが我慢できなくなったとき・熱が高くなったとき
生理痛,イブA錠,痛みが我慢できなくなったとき・熱が高くなったとき
生理痛,イブA錠,痛みが我慢できなくなったとき・熱が高くなったとき
生理痛,イブA錠,痛みが我慢できなくなったとき・熱が高くなったとき
生理痛,イブA錠,痛みが我慢できなくなったとき・熱が高くなったとき
生理痛,イブA錠,痛みが我慢できなくなったとき・熱が高くなったとき
生理痛,イブA錠,痛みが我慢できなくなったとき・熱が高くなったとき
生理痛,イブA錠,痛みが我慢できなくなったとき・熱が高くなったとき
生理痛,イブA錠,痛みが我慢できなくなったとき・熱が高くなったとき
生理痛,イブA錠,痛みが我慢できなくなったとき・熱が高くなったとき
生理痛,イブA錠,痛みが我慢できなくなったとき・熱が高くなったとき
生理痛,イブA錠,痛みが我慢できなくなったとき・熱が高くなったとき
生理痛,イブA錠,痛みが我慢できなくなったとき・熱が高くなったとき
生理痛,イブA錠,痛みが我慢できなくなったとき・熱が高くなったとき
生理痛,イブA錠,痛みが我慢できなくなったとき・熱が高くなったとき
生理痛,イブA錠,痛みが我慢できなくなったとき・熱が高くなったとき
生理痛,イブA錠,その他
生理痛,新セデス錠,痛くなりそうなとき・熱が出そうなとき
生理痛,新セデス錠,痛くなりそうなとき・熱が出そうなとき
生理痛,新セデス錠,痛くなりそうなとき・熱が出そうなとき
生理痛,新セデス錠,痛くなりそうなとき・熱が出そうなとき
生理痛,新セデス錠,痛くなったとき・熱が出始めたとき
生理痛,新セデス錠,痛くなったとき・熱が出始めたとき
生理痛,新セデス錠,痛くなったとき・熱が出始めたとき
生理痛,新セデス錠,痛くなったとき・熱が出始めたとき
生理痛,新セデス錠,痛くなったとき・熱が出始めたとき
生理痛,新セデス錠,痛くなったとき・熱が出始めたとき
生理痛,新セデス錠,痛くなったとき・熱が出始めたとき
生理痛,新セデス錠,痛くなったとき・熱が出始めたとき
生理痛,新セデス錠,痛くなったとき・熱が出始めたとき
生理痛,新セデス錠,痛くなったとき・熱が出始めたとき
生理痛,新セデス錠,痛くなったとき・熱が出始めたとき
生理痛,新セデス錠,痛くなったとき・熱が出始めたとき
生理痛,新セデス錠,痛くなったとき・熱が出始めたとき
生理痛,新セデス錠,ひどくはなっていないが、痛みや熱がひかないとき
生理痛,新セデス錠,ひどくはなっていないが、痛みや熱がひかないとき
生理痛,新セデス錠,ひどくはなっていないが、痛みや熱がひかないとき
生理痛,新セデス錠,ひどくはなっていないが、痛みや熱がひかないとき
生理痛,新セデス錠,ひどくはなっていないが、痛みや熱がひかないとき
生理痛,新セデス錠,痛みがひどくなりそうなとき・熱が更に上がりそうなとき
生理痛,新セデス錠,痛みがひどくなりそうなとき・熱が更に上がりそうなとき
生理痛,新セデス錠,痛みがひどくなりそうなとき・熱が更に上がりそうなとき
生理痛,新セデス錠,痛みがひどくなりそうなとき・熱が更に上がりそうなとき
生理痛,新セデス錠,痛みがひどくなりそうなとき・熱が更に上がりそうなとき
生理痛,新セデス錠,痛みがひどくなりそうなとき・熱が更に上がりそうなとき
生理痛,新セデス錠,痛みがひどくなりそうなとき・熱が更に上がりそうなとき
生理痛,新セデス錠,痛みがひどくなりそうなとき・熱が更に上がりそうなとき
生理痛,新セデス錠,痛みが我慢できなくなったとき・熱が高くなったとき
生理痛,新セデス錠,痛みが我慢できなくなったとき・熱が高くなったとき
生理痛,新セデス錠,痛みが我慢できなくなったとき・熱が高くなったとき
生理痛,新セデス錠,痛みが我慢できなくなったとき・熱が高くなったとき
生理痛,新セデス錠,痛みが我慢できなくなったとき・熱が高くなったとき
生理痛,新セデス錠,痛みが我慢できなくなったとき・熱が高くなったとき
生理痛,新セデス錠,痛みが我慢できなくなったとき・熱が高くなったとき
生理痛,新セデス錠,痛みが我慢できなくなったとき・熱が高くなったとき
生理痛,新セデス錠,痛みが我慢できなくなったとき・熱が高くなったとき
生理痛,新セデス錠,痛みが我慢できなくなったとき・熱が高くなったとき
生理痛,新セデス錠,痛みが我慢できなくなったとき・熱が高くなったとき
生理痛,新セデス錠,その他
生理痛,セデスハイ,痛くなりそうなとき・熱が出そうなとき
生理痛,セデスハイ,痛くなりそうなとき・熱が出そうなとき
生理痛,セデスハイ,痛くなりそうなとき・熱が出そうなとき
生理痛,セデスハイ,痛くなりそうなとき・熱が出そうなとき
生理痛,セデスハイ,痛くなりそうなとき・熱が出そうなとき
生理痛,セデスハイ,痛くなりそうなとき・熱が出そうなとき
生理痛,セデスハイ,痛くなったとき・熱が出始めたとき
生理痛,セデスハイ,痛くなったとき・熱が出始めたとき
生理痛,セデスハイ,痛くなったとき・熱が出始めたとき
生理痛,セデスハイ,痛くなったとき・熱が出始めたとき
生理痛,セデスハイ,痛くなったとき・熱が出始めたとき
生理痛,セデスハイ,痛くなったとき・熱が出始めたとき
生理痛,セデスハイ,痛くなったとき・熱が出始めたとき
生理痛,セデスハイ,ひどくはなっていないが、痛みや熱がひかないとき
生理痛,セデスハイ,痛みがひどくなりそうなとき・熱が更に上がりそうなとき
生理痛,セデスハイ,痛みがひどくなりそうなとき・熱が更に上がりそうなとき
生理痛,セデスハイ,痛みがひどくなりそうなとき・熱が更に上がりそうなとき
生理痛,セデスハイ,痛みがひどくなりそうなとき・熱が更に上がりそうなとき
生理痛,セデスハイ,痛みがひどくなりそうなとき・熱が更に上がりそうなとき
生理痛,セデスハイ,痛みがひどくなりそうなとき・熱が更に上がりそうなとき
生理痛,セデスハイ,痛みがひどくなりそうなとき・熱が更に上がりそうなとき
生理痛,セデスハイ,痛みがひどくなりそうなとき・熱が更に上がりそうなとき
生理痛,セデスハイ,痛みが我慢できなくなったとき・熱が高くなったとき
生理痛,セデスハイ,痛みが我慢できなくなったとき・熱が高くなったとき
生理痛,セデスハイ,痛みが我慢できなくなったとき・熱が高くなったとき
生理痛,セデスハイ,痛みが我慢できなくなったとき・熱が高くなったとき
生理痛,セデスハイ,痛みが我慢できなくなったとき・熱が高くなったとき
生理痛,セデスハイ,痛みが我慢できなくなったとき・熱が高くなったとき
生理痛,セデスハイ,痛みが我慢できなくなったとき・熱が高くなったとき
生理痛,セデスハイ,痛みが我慢できなくなったとき・熱が高くなったとき
生理痛,セデスハイ,痛みが我慢できなくなったとき・熱が高くなったとき
生理痛,セデスV,痛くなりそうなとき・熱が出そうなとき
生理痛,セデスV,痛くなりそうなとき・熱が出そうなとき
生理痛,セデスV,痛くなりそうなとき・熱が出そうなとき
生理痛,セデスV,痛くなりそうなとき・熱が出そうなとき
生理痛,セデスV,痛くなりそうなとき・熱が出そうなとき
生理痛,セデスV,痛くなったとき・熱が出始めたとき
生理痛,セデスV,痛くなったとき・熱が出始めたとき
生理痛,セデスV,痛くなったとき・熱が出始めたとき
生理痛,セデスV,痛くなったとき・熱が出始めたとき
生理痛,セデスV,痛くなったとき・熱が出始めたとき
生理痛,セデスV,痛くなったとき・熱が出始めたとき
生理痛,セデスV,痛くなったとき・熱が出始めたとき
生理痛,セデスV,痛くなったとき・熱が出始めたとき
生理痛,セデスV,ひどくはなっていないが、痛みや熱がひかないとき
生理痛,セデスV,ひどくはなっていないが、痛みや熱がひかないとき
生理痛,セデスV,ひどくはなっていないが、痛みや熱がひかないとき
生理痛,セデスV,痛みがひどくなりそうなとき・熱が更に上がりそうなとき
生理痛,セデスV,痛みがひどくなりそうなとき・熱が更に上がりそうなとき
生理痛,セデスV,痛みがひどくなりそうなとき・熱が更に上がりそうなとき
生理痛,セデスV,痛みがひどくなりそうなとき・熱が更に上がりそうなとき
生理痛,セデスV,痛みがひどくなりそうなとき・熱が更に上がりそうなとき
生理痛,セデスV,痛みがひどくなりそうなとき・熱が更に上がりそうなとき
生理痛,セデスV,痛みがひどくなりそうなとき・熱が更に上がりそうなとき
生理痛,セデスV,痛みがひどくなりそうなとき・熱が更に上がりそうなとき
生理痛,セデスV,痛みがひどくなりそうなとき・熱が更に上がりそうなとき
生理痛,セデスV,痛みが我慢できなくなったとき・熱が高くなったとき
生理痛,セデスV,痛みが我慢できなくなったとき・熱が高くなったとき
生理痛,セデスV,痛みが我慢できなくなったとき・熱が高くなったとき
生理痛,セデスV,痛みが我慢できなくなったとき・熱が高くなったとき
生理痛,セデスV,痛みが我慢できなくなったとき・熱が高くなったとき
生理痛,セデスV,痛みが我慢できなくなったとき・熱が高くなったとき
生理痛,セデスV,痛みが我慢できなくなったとき・熱が高くなったとき
生理痛,セデスV,痛みが我慢できなくなったとき・熱が高くなったとき
生理痛,セデスV,痛みが我慢できなくなったとき・熱が高くなったとき
生理痛,セデスV,痛みが我慢できなくなったとき・熱が高くなったとき
生理痛,セデスV,痛みが我慢できなくなったとき・熱が高くなったとき
生理痛,セデスキュア,痛くなりそうなとき・熱が出そうなとき
生理痛,セデスキュア,痛くなりそうなとき・熱が出そうなとき
生理痛,セデスキュア,痛くなりそうなとき・熱が出そうなとき
生理痛,セデスキュア,痛くなりそうなとき・熱が出そうなとき
生理痛,セデスキュア,痛くなりそうなとき・熱が出そうなとき
生理痛,セデスキュア,痛くなりそうなとき・熱が出そうなとき
生理痛,セデスキュア,痛くなりそうなとき・熱が出そうなとき
生理痛,セデスキュア,痛くなりそうなとき・熱が出そうなとき
生理痛,セデスキュア,痛くなりそうなとき・熱が出そうなとき
生理痛,セデスキュア,痛くなりそうなとき・熱が出そうなとき
生理痛,セデスキュア,痛くなりそうなとき・熱が出そうなとき
生理痛,セデスキュア,痛くなりそうなとき・熱が出そうなとき
生理痛,セデスキュア,痛くなりそうなとき・熱が出そうなとき
生理痛,セデスキュア,痛くなったとき・熱が出始めたとき
生理痛,セデスキュア,痛くなったとき・熱が出始めたとき
生理痛,セデスキュア,痛くなったとき・熱が出始めたとき
生理痛,セデスキュア,痛くなったとき・熱が出始めたとき
生理痛,セデスキュア,痛くなったとき・熱が出始めたとき
生理痛,セデスキュア,痛くなったとき・熱が出始めたとき
生理痛,セデスキュア,痛くなったとき・熱が出始めたとき
生理痛,セデスキュア,痛くなったとき・熱が出始めたとき
生理痛,セデスキュア,痛くなったとき・熱が出始めたとき
生理痛,セデスキュア,痛くなったとき・熱が出始めたとき
生理痛,セデスキュア,痛くなったとき・熱が出始めたとき
生理痛,セデスキュア,痛くなったとき・熱が出始めたとき
生理痛,セデスキュア,痛くなったとき・熱が出始めたとき
生理痛,セデスキュア,痛くなったとき・熱が出始めたとき
生理痛,セデスキュア,痛くなったとき・熱が出始めたとき
生理痛,セデスキュア,痛くなったとき・熱が出始めたとき
生理痛,セデスキュア,痛くなったとき・熱が出始めたとき
生理痛,セデスキュア,痛くなったとき・熱が出始めたとき
生理痛,セデスキュア,痛くなったとき・熱が出始めたとき
生理痛,セデスキュア,ひどくはなっていないが、痛みや熱がひかないとき
生理痛,セデスキュア,ひどくはなっていないが、痛みや熱がひかないとき
生理痛,セデスキュア,ひどくはなっていないが、痛みや熱がひかないとき
生理痛,セデスキュア,ひどくはなっていないが、痛みや熱がひかないとき
生理痛,セデスキュア,ひどくはなっていないが、痛みや熱がひかないとき
生理痛,セデスキュア,ひどくはなっていないが、痛みや熱がひかないとき
生理痛,セデスキュア,ひどくはなっていないが、痛みや熱がひかないとき
生理痛,セデスキュア,痛みがひどくなりそうなとき・熱が更に上がりそうなとき
生理痛,セデスキュア,痛みがひどくなりそうなとき・熱が更に上がりそうなとき
生理痛,セデスキュア,痛みがひどくなりそうなとき・熱が更に上がりそうなとき
生理痛,セデスキュア,痛みがひどくなりそうなとき・熱が更に上がりそうなとき
生理痛,セデスキュア,痛みがひどくなりそうなとき・熱が更に上がりそうなとき
生理痛,セデスキュア,痛みがひどくなりそうなとき・熱が更に上がりそうなとき
生理痛,セデスキュア,痛みがひどくなりそうなとき・熱が更に上がりそうなとき
生理痛,セデスキュア,痛みがひどくなりそうなとき・熱が更に上がりそうなとき
生理痛,セデスキュア,痛みがひどくなりそうなとき・熱が更に上がりそうなとき
生理痛,セデスキュア,痛みが我慢できなくなったとき・熱が高くなったとき
生理痛,セデスキュア,痛みが我慢できなくなったとき・熱が高くなったとき
生理痛,セデスキュア,痛みが我慢できなくなったとき・熱が高くなったとき
生理痛,セデスキュア,痛みが我慢できなくなったとき・熱が高くなったとき
生理痛,セデスキュア,痛みが我慢できなくなったとき・熱が高くなったとき
生理痛,セデスキュア,痛みが我慢できなくなったとき・熱が高くなったとき
生理痛,セデスキュア,痛みが我慢できなくなったとき・熱が高くなったとき
生理痛,セデスキュア,痛みが我慢できなくなったとき・熱が高くなったとき
生理痛,セデスキュア,痛みが我慢できなくなったとき・熱が高くなったとき
生理痛,セデスキュア,痛みが我慢できなくなったとき・熱が高くなったとき
生理痛,セデスキュア,その他
生理痛,ノーシン錠,痛くなったとき・熱が出始めたとき
生理痛,ノーシン錠,痛くなったとき・熱が出始めたとき
生理痛,ノーシン錠,痛くなったとき・熱が出始めたとき
生理痛,ノーシン錠,痛くなったとき・熱が出始めたとき
生理痛,ノーシン錠,痛みがひどくなりそうなとき・熱が更に上がりそうなとき
生理痛,ノーシン錠,痛みがひどくなりそうなとき・熱が更に上がりそうなとき
生理痛,ノーシン錠,痛みが我慢できなくなったとき・熱が高くなったとき
生理痛,ノーシン錠,痛みが我慢できなくなったとき・熱が高くなったとき
生理痛,ノーシン錠,痛みが我慢できなくなったとき・熱が高くなったとき
生理痛,ノーシン錠,その他
生理痛,ノーシンピュア,痛くなりそうなとき・熱が出そうなとき
生理痛,ノーシンピュア,痛くなりそうなとき・熱が出そうなとき
生理痛,ノーシンピュア,痛くなりそうなとき・熱が出そうなとき
生理痛,ノーシンピュア,痛くなりそうなとき・熱が出そうなとき
生理痛,ノーシンピュア,痛くなりそうなとき・熱が出そうなとき
生理痛,ノーシンピュア,痛くなりそうなとき・熱が出そうなとき
生理痛,ノーシンピュア,痛くなりそうなとき・熱が出そうなとき
生理痛,ノーシンピュア,痛くなりそうなとき・熱が出そうなとき
生理痛,ノーシンピュア,痛くなりそうなとき・熱が出そうなとき
生理痛,ノーシンピュア,痛くなったとき・熱が出始めたとき
生理痛,ノーシンピュア,痛くなったとき・熱が出始めたとき
生理痛,ノーシンピュア,痛くなったとき・熱が出始めたとき
生理痛,ノーシンピュア,痛くなったとき・熱が出始めたとき
生理痛,ノーシンピュア,痛くなったとき・熱が出始めたとき
生理痛,ノーシンピュア,痛くなったとき・熱が出始めたとき
生理痛,ノーシンピュア,痛くなったとき・熱が出始めたとき
生理痛,ノーシンピュア,痛くなったとき・熱が出始めたとき
生理痛,ノーシンピュア,痛くなったとき・熱が出始めたとき
生理痛,ノーシンピュア,痛くなったとき・熱が出始めたとき
生理痛,ノーシンピュア,痛くなったとき・熱が出始めたとき
生理痛,ノーシンピュア,ひどくはなっていないが、痛みや熱がひかないとき
生理痛,ノーシンピュア,ひどくはなっていないが、痛みや熱がひかないとき
生理痛,ノーシンピュア,ひどくはなっていないが、痛みや熱がひかないとき
生理痛,ノーシンピュア,痛みがひどくなりそうなとき・熱が更に上がりそうなとき
生理痛,ノーシンピュア,痛みがひどくなりそうなとき・熱が更に上がりそうなとき
生理痛,ノーシンピュア,痛みがひどくなりそうなとき・熱が更に上がりそうなとき
生理痛,ノーシンピュア,痛みがひどくなりそうなとき・熱が更に上がりそうなとき
生理痛,ノーシンピュア,痛みがひどくなりそうなとき・熱が更に上がりそうなとき
生理痛,ノーシンピュア,痛みがひどくなりそうなとき・熱が更に上がりそうなとき
生理痛,ノーシンピュア,痛みがひどくなりそうなとき・熱が更に上がりそうなとき
生理痛,ノーシンピュア,痛みがひどくなりそうなとき・熱が更に上がりそうなとき
生理痛,ノーシンピュア,痛みがひどくなりそうなとき・熱が更に上がりそうなとき
生理痛,ノーシンピュア,痛みがひどくなりそうなとき・熱が更に上がりそうなとき
生理痛,ノーシンピュア,痛みがひどくなりそうなとき・熱が更に上がりそうなとき
生理痛,ノーシンピュア,痛みがひどくなりそうなとき・熱が更に上がりそうなとき
生理痛,ノーシンピュア,痛みが我慢できなくなったとき・熱が高くなったとき
生理痛,ノーシンピュア,痛みが我慢できなくなったとき・熱が高くなったとき
生理痛,ノーシンピュア,痛みが我慢できなくなったとき・熱が高くなったとき
生理痛,ノーシンピュア,痛みが我慢できなくなったとき・熱が高くなったとき
生理痛,ノーシンピュア,痛みが我慢できなくなったとき・熱が高くなったとき
生理痛,ノーシンピュア,痛みが我慢できなくなったとき・熱が高くなったとき
生理痛,ノーシンピュア,痛みが我慢できなくなったとき・熱が高くなったとき
生理痛,ノーシンピュア,痛みが我慢できなくなったとき・熱が高くなったとき
生理痛,ノーシンピュア,痛みが我慢できなくなったとき・熱が高くなったとき
生理痛,ノーシンピュア,痛みが我慢できなくなったとき・熱が高くなったとき
生理痛,ノーシンピュア,痛みが我慢できなくなったとき・熱が高くなったとき
生理痛,ノーシンピュア,痛みが我慢できなくなったとき・熱が高くなったとき
生理痛,ノーシンピュア,痛みが我慢できなくなったとき・熱が高くなったとき
生理痛,ノーシンピュア,痛みが我慢できなくなったとき・熱が高くなったとき
生理痛,ノーシンピュア,痛みが我慢できなくなったとき・熱が高くなったとき
生理痛,ナロンエース,痛くなりそうなとき・熱が出そうなとき
生理痛,ナロンエース,痛くなりそうなとき・熱が出そうなとき
生理痛,ナロンエース,痛くなりそうなとき・熱が出そうなとき
生理痛,ナロンエース,痛くなりそうなとき・熱が出そうなとき
生理痛,ナロンエース,痛くなりそうなとき・熱が出そうなとき
生理痛,ナロンエース,痛くなりそうなとき・熱が出そうなとき
生理痛,ナロンエース,痛くなりそうなとき・熱が出そうなとき
生理痛,ナロンエース,痛くなりそうなとき・熱が出そうなとき
生理痛,ナロンエース,痛くなりそうなとき・熱が出そうなとき
生理痛,ナロンエース,痛くなったとき・熱が出始めたとき
生理痛,ナロンエース,痛くなったとき・熱が出始めたとき
生理痛,ナロンエース,痛くなったとき・熱が出始めたとき
生理痛,ナロンエース,痛くなったとき・熱が出始めたとき
生理痛,ナロンエース,痛くなったとき・熱が出始めたとき
生理痛,ナロンエース,痛くなったとき・熱が出始めたとき
生理痛,ナロンエース,痛くなったとき・熱が出始めたとき
生理痛,ナロンエース,ひどくはなっていないが、痛みや熱がひかないとき
生理痛,ナロンエース,ひどくはなっていないが、痛みや熱がひかないとき
生理痛,ナロンエース,痛みがひどくなりそうなとき・熱が更に上がりそうなとき
生理痛,ナロンエース,痛みがひどくなりそうなとき・熱が更に上がりそうなとき
生理痛,ナロンエース,痛みがひどくなりそうなとき・熱が更に上がりそうなとき
生理痛,ナロンエース,痛みがひどくなりそうなとき・熱が更に上がりそうなとき
生理痛,ナロンエース,痛みがひどくなりそうなとき・熱が更に上がりそうなとき
生理痛,ナロンエース,痛みがひどくなりそうなとき・熱が更に上がりそうなとき
生理痛,ナロンエース,痛みがひどくなりそうなとき・熱が更に上がりそうなとき
生理痛,ナロンエース,痛みがひどくなりそうなとき・熱が更に上がりそうなとき
生理痛,ナロンエース,痛みがひどくなりそうなとき・熱が更に上がりそうなとき
生理痛,ナロンエース,痛みがひどくなりそうなとき・熱が更に上がりそうなとき
生理痛,ナロンエース,痛みがひどくなりそうなとき・熱が更に上がりそうなとき
生理痛,ナロンエース,痛みが我慢できなくなったとき・熱が高くなったとき
生理痛,ナロンエース,痛みが我慢できなくなったとき・熱が高くなったとき
生理痛,ナロンエース,痛みが我慢できなくなったとき・熱が高くなったとき
生理痛,ナロンエース,痛みが我慢できなくなったとき・熱が高くなったとき
生理痛,ナロンエース,痛みが我慢できなくなったとき・熱が高くなったとき
生理痛,ナロンエース,痛みが我慢できなくなったとき・熱が高くなったとき
生理痛,ナロンエース,痛みが我慢できなくなったとき・熱が高くなったとき
生理痛,ナロンエース,痛みが我慢できなくなったとき・熱が高くなったとき
生理痛,ナロンエース,痛みが我慢できなくなったとき・熱が高くなったとき
生理痛,ナロンエース,痛みが我慢できなくなったとき・熱が高くなったとき
生理痛,ナロンエース,痛みが我慢できなくなったとき・熱が高くなったとき
生理痛,ナロンエース,痛みが我慢できなくなったとき・熱が高くなったとき
生理痛,ナロンエース,痛みが我慢できなくなったとき・熱が高くなったとき
生理痛,ナロンエース,その他
生理痛,リングルアイビー,痛くなりそうなとき・熱が出そうなとき
生理痛,リングルアイビー,痛くなりそうなとき・熱が出そうなとき
生理痛,リングルアイビー,痛くなりそうなとき・熱が出そうなとき
生理痛,リングルアイビー,痛くなりそうなとき・熱が出そうなとき
生理痛,リングルアイビー,痛くなりそうなとき・熱が出そうなとき
生理痛,リングルアイビー,痛くなりそうなとき・熱が出そうなとき
生理痛,リングルアイビー,痛くなりそうなとき・熱が出そうなとき
生理痛,リングルアイビー,痛くなりそうなとき・熱が出そうなとき
生理痛,リングルアイビー,痛くなりそうなとき・熱が出そうなとき
生理痛,リングルアイビー,痛くなりそうなとき・熱が出そうなとき
生理痛,リングルアイビー,痛くなりそうなとき・熱が出そうなとき
生理痛,リングルアイビー,痛くなりそうなとき・熱が出そうなとき
生理痛,リングルアイビー,痛くなったとき・熱が出始めたとき
生理痛,リングルアイビー,痛くなったとき・熱が出始めたとき
生理痛,リングルアイビー,痛くなったとき・熱が出始めたとき
生理痛,リングルアイビー,痛くなったとき・熱が出始めたとき
生理痛,リングルアイビー,痛くなったとき・熱が出始めたとき
生理痛,リングルアイビー,痛くなったとき・熱が出始めたとき
生理痛,リングルアイビー,痛くなったとき・熱が出始めたとき
生理痛,リングルアイビー,痛くなったとき・熱が出始めたとき
生理痛,リングルアイビー,痛くなったとき・熱が出始めたとき
生理痛,リングルアイビー,痛くなったとき・熱が出始めたとき
生理痛,リングルアイビー,痛くなったとき・熱が出始めたとき
生理痛,リングルアイビー,痛くなったとき・熱が出始めたとき
生理痛,リングルアイビー,痛くなったとき・熱が出始めたとき
生理痛,リングルアイビー,痛くなったとき・熱が出始めたとき
生理痛,リングルアイビー,痛くなったとき・熱が出始めたとき
生理痛,リングルアイビー,ひどくはなっていないが、痛みや熱がひかないとき
生理痛,リングルアイビー,ひどくはなっていないが、痛みや熱がひかないとき
生理痛,リングルアイビー,ひどくはなっていないが、痛みや熱がひかないとき
生理痛,リングルアイビー,ひどくはなっていないが、痛みや熱がひかないとき
生理痛,リングルアイビー,ひどくはなっていないが、痛みや熱がひかないとき
生理痛,リングルアイビー,ひどくはなっていないが、痛みや熱がひかないとき
生理痛,リングルアイビー,ひどくはなっていないが、痛みや熱がひかないとき
生理痛,リングルアイビー,ひどくはなっていないが、痛みや熱がひかないとき
生理痛,リングルアイビー,痛みがひどくなりそうなとき・熱が更に上がりそうなとき
生理痛,リングルアイビー,痛みがひどくなりそうなとき・熱が更に上がりそうなとき
生理痛,リングルアイビー,痛みがひどくなりそうなとき・熱が更に上がりそうなとき
生理痛,リングルアイビー,痛みがひどくなりそうなとき・熱が更に上がりそうなとき
生理痛,リングルアイビー,痛みがひどくなりそうなとき・熱が更に上がりそうなとき
生理痛,リングルアイビー,痛みがひどくなりそうなとき・熱が更に上がりそうなとき
生理痛,リングルアイビー,痛みがひどくなりそうなとき・熱が更に上がりそうなとき
生理痛,リングルアイビー,痛みがひどくなりそうなとき・熱が更に上がりそうなとき
生理痛,リングルアイビー,痛みがひどくなりそうなとき・熱が更に上がりそうなとき
生理痛,リングルアイビー,痛みがひどくなりそうなとき・熱が更に上がりそうなとき
生理痛,リングルアイビー,痛みがひどくなりそうなとき・熱が更に上がりそうなとき
生理痛,リングルアイビー,痛みがひどくなりそうなとき・熱が更に上がりそうなとき
生理痛,リングルアイビー,痛みがひどくなりそうなとき・熱が更に上がりそうなとき
生理痛,リングルアイビー,痛みがひどくなりそうなとき・熱が更に上がりそうなとき
生理痛,リングルアイビー,痛みが我慢できなくなったとき・熱が高くなったとき
生理痛,リングルアイビー,痛みが我慢できなくなったとき・熱が高くなったとき
生理痛,リングルアイビー,痛みが我慢できなくなったとき・熱が高くなったとき
生理痛,リングルアイビー,痛みが我慢できなくなったとき・熱が高くなったとき
生理痛,リングルアイビー,痛みが我慢できなくなったとき・熱が高くなったとき
生理痛,リングルアイビー,痛みが我慢できなくなったとき・熱が高くなったとき
生理痛,リングルアイビー,痛みが我慢できなくなったとき・熱が高くなったとき
生理痛,リングルアイビー,痛みが我慢できなくなったとき・熱が高くなったとき
生理痛,リングルアイビー,痛みが我慢できなくなったとき・熱が高くなったとき
生理痛,リングルアイビー,痛みが我慢できなくなったとき・熱が高くなったとき
生理痛,リングルアイビー,痛みが我慢できなくなったとき・熱が高くなったとき
生理痛,リングルアイビー,その他
歯痛,バファリンA,痛くなりそうなとき・熱が出そうなとき
歯痛,バファリンA,痛くなったとき・熱が出始めたとき
歯痛,バファリンA,痛くなったとき・熱が出始めたとき
歯痛,バファリンA,痛くなったとき・熱が出始めたとき
歯痛,バファリンA,痛くなったとき・熱が出始めたとき
歯痛,バファリンA,痛くなったとき・熱が出始めたとき
歯痛,バファリンA,ひどくはなっていないが、痛みや熱がひかないとき
歯痛,バファリンA,痛みがひどくなりそうなとき・熱が更に上がりそうなとき
歯痛,バファリンA,痛みがひどくなりそうなとき・熱が更に上がりそうなとき
歯痛,バファリンA,痛みが我慢できなくなったとき・熱が高くなったとき
歯痛,バファリンA,痛みが我慢できなくなったとき・熱が高くなったとき
歯痛,バファリンA,痛みが我慢できなくなったとき・熱が高くなったとき
歯痛,バファリンA,痛みが我慢できなくなったとき・熱が高くなったとき
歯痛,バファリンA,痛みが我慢できなくなったとき・熱が高くなったとき
歯痛,バファリンA,痛みが我慢できなくなったとき・熱が高くなったとき
歯痛,バファリンA,痛みが我慢できなくなったとき・熱が高くなったとき
歯痛,バファリンA,痛みが我慢できなくなったとき・熱が高くなったとき
歯痛,バファリンA,痛みが我慢できなくなったとき・熱が高くなったとき
歯痛,バファリンA,痛みが我慢できなくなったとき・熱が高くなったとき
歯痛,バファリンA,痛みが我慢できなくなったとき・熱が高くなったとき
歯痛,バファリンA,痛みが我慢できなくなったとき・熱が高くなったとき
歯痛,バファリンA,その他
歯痛,イブA錠,痛くなりそうなとき・熱が出そうなとき
歯痛,イブA錠,痛くなったとき・熱が出始めたとき
歯痛,イブA錠,痛くなったとき・熱が出始めたとき
歯痛,イブA錠,痛くなったとき・熱が出始めたとき
歯痛,イブA錠,痛くなったとき・熱が出始めたとき
歯痛,イブA錠,痛くなったとき・熱が出始めたとき
歯痛,イブA錠,痛くなったとき・熱が出始めたとき
歯痛,イブA錠,ひどくはなっていないが、痛みや熱がひかないとき
歯痛,イブA錠,ひどくはなっていないが、痛みや熱がひかないとき
歯痛,イブA錠,ひどくはなっていないが、痛みや熱がひかないとき
歯痛,イブA錠,ひどくはなっていないが、痛みや熱がひかないとき
歯痛,イブA錠,ひどくはなっていないが、痛みや熱がひかないとき
歯痛,イブA錠,ひどくはなっていないが、痛みや熱がひかないとき
歯痛,イブA錠,痛みがひどくなりそうなとき・熱が更に上がりそうなとき
歯痛,イブA錠,痛みがひどくなりそうなとき・熱が更に上がりそうなとき
歯痛,イブA錠,痛みが我慢できなくなったとき・熱が高くなったとき
歯痛,イブA錠,痛みが我慢できなくなったとき・熱が高くなったとき
歯痛,イブA錠,痛みが我慢できなくなったとき・熱が高くなったとき
歯痛,イブA錠,痛みが我慢できなくなったとき・熱が高くなったとき
歯痛,イブA錠,痛みが我慢できなくなったとき・熱が高くなったとき
歯痛,イブA錠,痛みが我慢できなくなったとき・熱が高くなったとき
歯痛,イブA錠,痛みが我慢できなくなったとき・熱が高くなったとき
歯痛,イブA錠,痛みが我慢できなくなったとき・熱が高くなったとき
歯痛,イブA錠,痛みが我慢できなくなったとき・熱が高くなったとき
歯痛,イブA錠,痛みが我慢できなくなったとき・熱が高くなったとき
歯痛,新セデス錠,痛くなったとき・熱が出始めたとき
歯痛,新セデス錠,痛くなったとき・熱が出始めたとき
歯痛,新セデス錠,痛くなったとき・熱が出始めたとき
歯痛,新セデス錠,痛くなったとき・熱が出始めたとき
歯痛,新セデス錠,痛くなったとき・熱が出始めたとき
歯痛,新セデス錠,ひどくはなっていないが、痛みや熱がひかないとき
歯痛,新セデス錠,ひどくはなっていないが、痛みや熱がひかないとき
歯痛,新セデス錠,ひどくはなっていないが、痛みや熱がひかないとき
歯痛,新セデス錠,痛みがひどくなりそうなとき・熱が更に上がりそうなとき
歯痛,新セデス錠,痛みがひどくなりそうなとき・熱が更に上がりそうなとき
歯痛,新セデス錠,痛みがひどくなりそうなとき・熱が更に上がりそうなとき
歯痛,新セデス錠,痛みが我慢できなくなったとき・熱が高くなったとき
歯痛,新セデス錠,痛みが我慢できなくなったとき・熱が高くなったとき
歯痛,新セデス錠,痛みが我慢できなくなったとき・熱が高くなったとき
歯痛,新セデス錠,痛みが我慢できなくなったとき・熱が高くなったとき
歯痛,新セデス錠,痛みが我慢できなくなったとき・熱が高くなったとき
歯痛,新セデス錠,痛みが我慢できなくなったとき・熱が高くなったとき
歯痛,新セデス錠,その他
歯痛,新セデス錠,その他
歯痛,セデスハイ,痛くなったとき・熱が出始めたとき
歯痛,セデスハイ,痛くなったとき・熱が出始めたとき
歯痛,セデスハイ,痛くなったとき・熱が出始めたとき
歯痛,セデスハイ,痛くなったとき・熱が出始めたとき
歯痛,セデスハイ,痛くなったとき・熱が出始めたとき
歯痛,セデスハイ,痛くなったとき・熱が出始めたとき
歯痛,セデスハイ,ひどくはなっていないが、痛みや熱がひかないとき
歯痛,セデスハイ,痛みが我慢できなくなったとき・熱が高くなったとき
歯痛,セデスハイ,痛みが我慢できなくなったとき・熱が高くなったとき
歯痛,セデスハイ,痛みが我慢できなくなったとき・熱が高くなったとき
歯痛,セデスハイ,痛みが我慢できなくなったとき・熱が高くなったとき
歯痛,セデスハイ,痛みが我慢できなくなったとき・熱が高くなったとき
歯痛,セデスハイ,痛みが我慢できなくなったとき・熱が高くなったとき
歯痛,セデスハイ,痛みが我慢できなくなったとき・熱が高くなったとき
歯痛,セデスハイ,痛みが我慢できなくなったとき・熱が高くなったとき
歯痛,セデスハイ,痛みが我慢できなくなったとき・熱が高くなったとき
歯痛,セデスハイ,痛みが我慢できなくなったとき・熱が高くなったとき
歯痛,セデスハイ,痛みが我慢できなくなったとき・熱が高くなったとき
歯痛,セデスハイ,痛みが我慢できなくなったとき・熱が高くなったとき
歯痛,セデスハイ,痛みが我慢できなくなったとき・熱が高くなったとき
歯痛,セデスハイ,痛みが我慢できなくなったとき・熱が高くなったとき
歯痛,セデスハイ,痛みが我慢できなくなったとき・熱が高くなったとき
歯痛,セデスV,痛くなりそうなとき・熱が出そうなとき
歯痛,セデスV,痛くなりそうなとき・熱が出そうなとき
歯痛,セデスV,痛くなりそうなとき・熱が出そうなとき
歯痛,セデスV,痛くなりそうなとき・熱が出そうなとき
歯痛,セデスV,痛くなったとき・熱が出始めたとき
歯痛,セデスV,痛くなったとき・熱が出始めたとき
歯痛,セデスV,痛くなったとき・熱が出始めたとき
歯痛,セデスV,痛くなったとき・熱が出始めたとき
歯痛,セデスV,痛くなったとき・熱が出始めたとき
歯痛,セデスV,痛くなったとき・熱が出始めたとき
歯痛,セデスV,痛くなったとき・熱が出始めたとき
歯痛,セデスV,痛くなったとき・熱が出始めたとき
歯痛,セデスV,痛くなったとき・熱が出始めたとき
歯痛,セデスV,痛くなったとき・熱が出始めたとき
歯痛,セデスV,痛くなったとき・熱が出始めたとき
歯痛,セデスV,ひどくはなっていないが、痛みや熱がひかないとき
歯痛,セデスV,ひどくはなっていないが、痛みや熱がひかないとき
歯痛,セデスV,ひどくはなっていないが、痛みや熱がひかないとき
歯痛,セデスV,ひどくはなっていないが、痛みや熱がひかないとき
歯痛,セデスV,ひどくはなっていないが、痛みや熱がひかないとき
歯痛,セデスV,ひどくはなっていないが、痛みや熱がひかないとき
歯痛,セデスV,ひどくはなっていないが、痛みや熱がひかないとき
歯痛,セデスV,ひどくはなっていないが、痛みや熱がひかないとき
歯痛,セデスV,痛みがひどくなりそうなとき・熱が更に上がりそうなとき
歯痛,セデスV,痛みがひどくなりそうなとき・熱が更に上がりそうなとき
歯痛,セデスV,痛みがひどくなりそうなとき・熱が更に上がりそうなとき
歯痛,セデスV,痛みがひどくなりそうなとき・熱が更に上がりそうなとき
歯痛,セデスV,痛みがひどくなりそうなとき・熱が更に上がりそうなとき
歯痛,セデスV,痛みがひどくなりそうなとき・熱が更に上がりそうなとき
歯痛,セデスV,痛みがひどくなりそうなとき・熱が更に上がりそうなとき
歯痛,セデスV,痛みが我慢できなくなったとき・熱が高くなったとき
歯痛,セデスV,痛みが我慢できなくなったとき・熱が高くなったとき
歯痛,セデスV,痛みが我慢できなくなったとき・熱が高くなったとき
歯痛,セデスV,痛みが我慢できなくなったとき・熱が高くなったとき
歯痛,セデスV,痛みが我慢できなくなったとき・熱が高くなったとき
歯痛,セデスV,痛みが我慢できなくなったとき・熱が高くなったとき
歯痛,セデスV,痛みが我慢できなくなったとき・熱が高くなったとき
歯痛,セデスV,痛みが我慢できなくなったとき・熱が高くなったとき
歯痛,セデスV,痛みが我慢できなくなったとき・熱が高くなったとき
歯痛,セデスV,痛みが我慢できなくなったとき・熱が高くなったとき
歯痛,セデスV,痛みが我慢できなくなったとき・熱が高くなったとき
歯痛,セデスV,その他
歯痛,セデスV,その他
歯痛,セデスキュア,痛くなりそうなとき・熱が出そうなとき
歯痛,セデスキュア,痛くなりそうなとき・熱が出そうなとき
歯痛,セデスキュア,痛くなりそうなとき・熱が出そうなとき
歯痛,セデスキュア,痛くなったとき・熱が出始めたとき
歯痛,セデスキュア,痛くなったとき・熱が出始めたとき
歯痛,セデスキュア,痛くなったとき・熱が出始めたとき
歯痛,セデスキュア,痛くなったとき・熱が出始めたとき
歯痛,セデスキュア,痛くなったとき・熱が出始めたとき
歯痛,セデスキュア,痛くなったとき・熱が出始めたとき
歯痛,セデスキュア,痛くなったとき・熱が出始めたとき
歯痛,セデスキュア,痛くなったとき・熱が出始めたとき
歯痛,セデスキュア,痛くなったとき・熱が出始めたとき
歯痛,セデスキュア,痛くなったとき・熱が出始めたとき
歯痛,セデスキュア,痛くなったとき・熱が出始めたとき
歯痛,セデスキュア,痛くなったとき・熱が出始めたとき
歯痛,セデスキュア,ひどくはなっていないが、痛みや熱がひかないとき
歯痛,セデスキュア,ひどくはなっていないが、痛みや熱がひかないとき
歯痛,セデスキュア,痛みがひどくなりそうなとき・熱が更に上がりそうなとき
歯痛,セデスキュア,痛みがひどくなりそうなとき・熱が更に上がりそうなとき
歯痛,セデスキュア,痛みがひどくなりそうなとき・熱が更に上がりそうなとき
歯痛,セデスキュア,痛みがひどくなりそうなとき・熱が更に上がりそうなとき
歯痛,セデスキュア,痛みがひどくなりそうなとき・熱が更に上がりそうなとき
歯痛,セデスキュア,痛みがひどくなりそうなとき・熱が更に上がりそうなとき
歯痛,セデスキュア,痛みがひどくなりそうなとき・熱が更に上がりそうなとき
歯痛,セデスキュア,痛みが我慢できなくなったとき・熱が高くなったとき
歯痛,セデスキュア,痛みが我慢できなくなったとき・熱が高くなったとき
歯痛,セデスキュア,痛みが我慢できなくなったとき・熱が高くなったとき
歯痛,セデスキュア,痛みが我慢できなくなったとき・熱が高くなったとき
歯痛,セデスキュア,痛みが我慢できなくなったとき・熱が高くなったとき
歯痛,セデスキュア,痛みが我慢できなくなったとき・熱が高くなったとき
歯痛,セデスキュア,痛みが我慢できなくなったとき・熱が高くなったとき
歯痛,セデスキュア,痛みが我慢できなくなったとき・熱が高くなったとき
歯痛,セデスキュア,痛みが我慢できなくなったとき・熱が高くなったとき
歯痛,セデスキュア,その他
歯痛,セデスキュア,その他
歯痛,ノーシン錠,痛くなりそうなとき・熱が出そうなとき
歯痛,ノーシン錠,痛くなりそうなとき・熱が出そうなとき
歯痛,ノーシン錠,痛くなったとき・熱が出始めたとき
歯痛,ノーシン錠,痛くなったとき・熱が出始めたとき
歯痛,ノーシン錠,痛くなったとき・熱が出始めたとき
歯痛,ノーシン錠,痛くなったとき・熱が出始めたとき
歯痛,ノーシン錠,痛くなったとき・熱が出始めたとき
歯痛,ノーシン錠,痛くなったとき・熱が出始めたとき
歯痛,ノーシン錠,痛くなったとき・熱が出始めたとき
歯痛,ノーシン錠,ひどくはなっていないが、痛みや熱がひかないとき
歯痛,ノーシン錠,ひどくはなっていないが、痛みや熱がひかないとき
歯痛,ノーシン錠,ひどくはなっていないが、痛みや熱がひかないとき
歯痛,ノーシン錠,ひどくはなっていないが、痛みや熱がひかないとき
歯痛,ノーシン錠,ひどくはなっていないが、痛みや熱がひかないとき
歯痛,ノーシン錠,ひどくはなっていないが、痛みや熱がひかないとき
歯痛,ノーシン錠,痛みがひどくなりそうなとき・熱が更に上がりそうなとき
歯痛,ノーシン錠,痛みが我慢できなくなったとき・熱が高くなったとき
歯痛,ノーシン錠,痛みが我慢できなくなったとき・熱が高くなったとき
歯痛,ノーシン錠,痛みが我慢できなくなったとき・熱が高くなったとき
歯痛,ノーシン錠,痛みが我慢できなくなったとき・熱が高くなったとき
歯痛,ノーシン錠,痛みが我慢できなくなったとき・熱が高くなったとき
歯痛,ノーシン錠,痛みが我慢できなくなったとき・熱が高くなったとき
歯痛,ノーシン錠,痛みが我慢できなくなったとき・熱が高くなったとき
歯痛,ノーシンピュア,痛くなりそうなとき・熱が出そうなとき
歯痛,ノーシンピュア,痛くなりそうなとき・熱が出そうなとき
歯痛,ノーシンピュア,痛くなったとき・熱が出始めたとき
歯痛,ノーシンピュア,痛くなったとき・熱が出始めたとき
歯痛,ノーシンピュア,痛くなったとき・熱が出始めたとき
歯痛,ノーシンピュア,痛くなったとき・熱が出始めたとき
歯痛,ノーシンピュア,痛くなったとき・熱が出始めたとき
歯痛,ノーシンピュア,痛みが我慢できなくなったとき・熱が高くなったとき
歯痛,ノーシンピュア,痛みが我慢できなくなったとき・熱が高くなったとき
歯痛,ノーシンピュア,痛みが我慢できなくなったとき・熱が高くなったとき
歯痛,ノーシンピュア,痛みが我慢できなくなったとき・熱が高くなったとき
歯痛,ノーシンピュア,痛みが我慢できなくなったとき・熱が高くなったとき
歯痛,ノーシンピュア,痛みが我慢できなくなったとき・熱が高くなったとき
歯痛,ノーシンピュア,痛みが我慢できなくなったとき・熱が高くなったとき
歯痛,ノーシンピュア,痛みが我慢できなくなったとき・熱が高くなったとき
歯痛,ノーシンピュア,痛みが我慢できなくなったとき・熱が高くなったとき
歯痛,ノーシンピュア,痛みが我慢できなくなったとき・熱が高くなったとき
歯痛,ノーシンピュア,痛みが我慢できなくなったとき・熱が高くなったとき
歯痛,ナロンエース,痛くなりそうなとき・熱が出そうなとき
歯痛,ナロンエース,痛くなったとき・熱が出始めたとき
歯痛,ナロンエース,痛くなったとき・熱が出始めたとき
歯痛,ナロンエース,痛くなったとき・熱が出始めたとき
歯痛,ナロンエース,ひどくはなっていないが、痛みや熱がひかないとき
歯痛,ナロンエース,ひどくはなっていないが、痛みや熱がひかないとき
歯痛,ナロンエース,ひどくはなっていないが、痛みや熱がひかないとき
歯痛,ナロンエース,ひどくはなっていないが、痛みや熱がひかないとき
歯痛,ナロンエース,痛みがひどくなりそうなとき・熱が更に上がりそうなとき
歯痛,ナロンエース,痛みがひどくなりそうなとき・熱が更に上がりそうなとき
歯痛,ナロンエース,痛みがひどくなりそうなとき・熱が更に上がりそうなとき
歯痛,ナロンエース,痛みがひどくなりそうなとき・熱が更に上がりそうなとき
歯痛,ナロンエース,痛みが我慢できなくなったとき・熱が高くなったとき
歯痛,ナロンエース,痛みが我慢できなくなったとき・熱が高くなったとき
歯痛,ナロンエース,痛みが我慢できなくなったとき・熱が高くなったとき
歯痛,ナロンエース,痛みが我慢できなくなったとき・熱が高くなったとき
歯痛,ナロンエース,痛みが我慢できなくなったとき・熱が高くなったとき
歯痛,ナロンエース,痛みが我慢できなくなったとき・熱が高くなったとき
歯痛,ナロンエース,痛みが我慢できなくなったとき・熱が高くなったとき
歯痛,ナロンエース,痛みが我慢できなくなったとき・熱が高くなったとき
歯痛,ナロンエース,痛みが我慢できなくなったとき・熱が高くなったとき
歯痛,ナロンエース,痛みが我慢できなくなったとき・熱が高くなったとき
歯痛,ナロンエース,痛みが我慢できなくなったとき・熱が高くなったとき
歯痛,ナロンエース,痛みが我慢できなくなったとき・熱が高くなったとき
歯痛,ナロンエース,痛みが我慢できなくなったとき・熱が高くなったとき
歯痛,ナロンエース,痛みが我慢できなくなったとき・熱が高くなったとき
歯痛,リングルアイビー,痛くなりそうなとき・熱が出そうなとき
歯痛,リングルアイビー,痛くなりそうなとき・熱が出そうなとき
歯痛,リングルアイビー,痛くなったとき・熱が出始めたとき
歯痛,リングルアイビー,痛くなったとき・熱が出始めたとき
歯痛,リングルアイビー,痛くなったとき・熱が出始めたとき
歯痛,リングルアイビー,ひどくはなっていないが、痛みや熱がひかないとき
歯痛,リングルアイビー,痛みがひどくなりそうなとき・熱が更に上がりそうなとき
歯痛,リングルアイビー,痛みがひどくなりそうなとき・熱が更に上がりそうなとき
歯痛,リングルアイビー,痛みが我慢できなくなったとき・熱が高くなったとき
歯痛,リングルアイビー,痛みが我慢できなくなったとき・熱が高くなったとき
歯痛,リングルアイビー,痛みが我慢できなくなったとき・熱が高くなったとき
歯痛,リングルアイビー,痛みが我慢できなくなったとき・熱が高くなったとき
歯痛,リングルアイビー,その他
腰痛,バファリンA,痛くなったとき・熱が出始めたとき
腰痛,バファリンA,痛くなったとき・熱が出始めたとき
腰痛,バファリンA,痛くなったとき・熱が出始めたとき
腰痛,バファリンA,ひどくはなっていないが、痛みや熱がひかないとき
腰痛,バファリンA,痛みがひどくなりそうなとき・熱が更に上がりそうなとき
腰痛,バファリンA,痛みが我慢できなくなったとき・熱が高くなったとき
腰痛,バファリンA,痛みが我慢できなくなったとき・熱が高くなったとき
腰痛,バファリンA,痛みが我慢できなくなったとき・熱が高くなったとき
腰痛,バファリンA,その他
腰痛,イブA錠,痛くなりそうなとき・熱が出そうなとき
腰痛,イブA錠,痛くなったとき・熱が出始めたとき
腰痛,イブA錠,ひどくはなっていないが、痛みや熱がひかないとき
腰痛,イブA錠,ひどくはなっていないが、痛みや熱がひかないとき
腰痛,イブA錠,痛みがひどくなりそうなとき・熱が更に上がりそうなとき
腰痛,イブA錠,痛みがひどくなりそうなとき・熱が更に上がりそうなとき
腰痛,イブA錠,痛みが我慢できなくなったとき・熱が高くなったとき
腰痛,イブA錠,痛みが我慢できなくなったとき・熱が高くなったとき
腰痛,イブA錠,痛みが我慢できなくなったとき・熱が高くなったとき
腰痛,イブA錠,痛みが我慢できなくなったとき・熱が高くなったとき
腰痛,イブA錠,その他
腰痛,新セデス錠,痛くなったとき・熱が出始めたとき
腰痛,新セデス錠,痛くなったとき・熱が出始めたとき
腰痛,新セデス錠,ひどくはなっていないが、痛みや熱がひかないとき
腰痛,新セデス錠,痛みがひどくなりそうなとき・熱が更に上がりそうなとき
腰痛,新セデス錠,痛みがひどくなりそうなとき・熱が更に上がりそうなとき
腰痛,新セデス錠,痛みがひどくなりそうなとき・熱が更に上がりそうなとき
腰痛,新セデス錠,痛みがひどくなりそうなとき・熱が更に上がりそうなとき
腰痛,新セデス錠,痛みがひどくなりそうなとき・熱が更に上がりそうなとき
腰痛,新セデス錠,痛みが我慢できなくなったとき・熱が高くなったとき
腰痛,新セデス錠,痛みが我慢できなくなったとき・熱が高くなったとき
腰痛,新セデス錠,その他
腰痛,セデスハイ,痛くなったとき・熱が出始めたとき
腰痛,セデスハイ,痛くなったとき・熱が出始めたとき
腰痛,セデスハイ,痛くなったとき・熱が出始めたとき
腰痛,セデスハイ,痛くなったとき・熱が出始めたとき
腰痛,セデスハイ,ひどくはなっていないが、痛みや熱がひかないとき
腰痛,セデスハイ,痛みがひどくなりそうなとき・熱が更に上がりそうなとき
腰痛,セデスハイ,痛みがひどくなりそうなとき・熱が更に上がりそうなとき
腰痛,セデスハイ,痛みがひどくなりそうなとき・熱が更に上がりそうなとき
腰痛,セデスハイ,痛みが我慢できなくなったとき・熱が高くなったとき
腰痛,セデスハイ,痛みが我慢できなくなったとき・熱が高くなったとき
腰痛,セデスハイ,痛みが我慢できなくなったとき・熱が高くなったとき
腰痛,セデスハイ,痛みが我慢できなくなったとき・熱が高くなったとき
腰痛,セデスハイ,痛みが我慢できなくなったとき・熱が高くなったとき
腰痛,セデスハイ,痛みが我慢できなくなったとき・熱が高くなったとき
腰痛,セデスハイ,痛みが我慢できなくなったとき・熱が高くなったとき
腰痛,セデスハイ,痛みが我慢できなくなったとき・熱が高くなったとき
腰痛,セデスハイ,痛みが我慢できなくなったとき・熱が高くなったとき
腰痛,セデスハイ,痛みが我慢できなくなったとき・熱が高くなったとき
腰痛,セデスV,痛くなりそうなとき・熱が出そうなとき
腰痛,セデスV,痛くなったとき・熱が出始めたとき
腰痛,セデスV,痛くなったとき・熱が出始めたとき
腰痛,セデスV,痛くなったとき・熱が出始めたとき
腰痛,セデスV,痛くなったとき・熱が出始めたとき
腰痛,セデスV,痛くなったとき・熱が出始めたとき
腰痛,セデスV,痛くなったとき・熱が出始めたとき
腰痛,セデスV,ひどくはなっていないが、痛みや熱がひかないとき
腰痛,セデスV,ひどくはなっていないが、痛みや熱がひかないとき
腰痛,セデスV,ひどくはなっていないが、痛みや熱がひかないとき
腰痛,セデスV,ひどくはなっていないが、痛みや熱がひかないとき
腰痛,セデスV,ひどくはなっていないが、痛みや熱がひかないとき
腰痛,セデスV,痛みがひどくなりそうなとき・熱が更に上がりそうなとき
腰痛,セデスV,痛みがひどくなりそうなとき・熱が更に上がりそうなとき
腰痛,セデスV,痛みがひどくなりそうなとき・熱が更に上がりそうなとき
腰痛,セデスV,痛みがひどくなりそうなとき・熱が更に上がりそうなとき
腰痛,セデスV,痛みがひどくなりそうなとき・熱が更に上がりそうなとき
腰痛,セデスV,痛みが我慢できなくなったとき・熱が高くなったとき
腰痛,セデスV,痛みが我慢できなくなったとき・熱が高くなったとき
腰痛,セデスV,痛みが我慢できなくなったとき・熱が高くなったとき
腰痛,セデスV,痛みが我慢できなくなったとき・熱が高くなったとき
腰痛,セデスV,痛みが我慢できなくなったとき・熱が高くなったとき
腰痛,セデスV,痛みが我慢できなくなったとき・熱が高くなったとき
腰痛,セデスV,痛みが我慢できなくなったとき・熱が高くなったとき
腰痛,セデスV,痛みが我慢できなくなったとき・熱が高くなったとき
腰痛,セデスV,痛みが我慢できなくなったとき・熱が高くなったとき
腰痛,セデスV,その他
腰痛,セデスキュア,痛くなりそうなとき・熱が出そうなとき
腰痛,セデスキュア,痛くなりそうなとき・熱が出そうなとき
腰痛,セデスキュア,痛くなったとき・熱が出始めたとき
腰痛,セデスキュア,痛くなったとき・熱が出始めたとき
腰痛,セデスキュア,痛くなったとき・熱が出始めたとき
腰痛,セデスキュア,痛くなったとき・熱が出始めたとき
腰痛,セデスキュア,痛くなったとき・熱が出始めたとき
腰痛,セデスキュア,痛くなったとき・熱が出始めたとき
腰痛,セデスキュア,痛くなったとき・熱が出始めたとき
腰痛,セデスキュア,痛くなったとき・熱が出始めたとき
腰痛,セデスキュア,ひどくはなっていないが、痛みや熱がひかないとき
腰痛,セデスキュア,ひどくはなっていないが、痛みや熱がひかないとき
腰痛,セデスキュア,ひどくはなっていないが、痛みや熱がひかないとき
腰痛,セデスキュア,ひどくはなっていないが、痛みや熱がひかないとき
腰痛,セデスキュア,痛みがひどくなりそうなとき・熱が更に上がりそうなとき
腰痛,セデスキュア,痛みがひどくなりそうなとき・熱が更に上がりそうなとき
腰痛,セデスキュア,痛みがひどくなりそうなとき・熱が更に上がりそうなとき
腰痛,セデスキュア,痛みがひどくなりそうなとき・熱が更に上がりそうなとき
腰痛,セデスキュア,痛みがひどくなりそうなとき・熱が更に上がりそうなとき
腰痛,セデスキュア,痛みがひどくなりそうなとき・熱が更に上がりそうなとき
腰痛,セデスキュア,痛みが我慢できなくなったとき・熱が高くなったとき
腰痛,セデスキュア,痛みが我慢できなくなったとき・熱が高くなったとき
腰痛,セデスキュア,痛みが我慢できなくなったとき・熱が高くなったとき
腰痛,セデスキュア,痛みが我慢できなくなったとき・熱が高くなったとき
腰痛,セデスキュア,痛みが我慢できなくなったとき・熱が高くなったとき
腰痛,セデスキュア,その他
腰痛,ノーシン錠,痛くなりそうなとき・熱が出そうなとき
腰痛,ノーシン錠,痛くなりそうなとき・熱が出そうなとき
腰痛,ノーシン錠,痛くなったとき・熱が出始めたとき
腰痛,ノーシン錠,痛くなったとき・熱が出始めたとき
腰痛,ノーシン錠,痛くなったとき・熱が出始めたとき
腰痛,ノーシン錠,痛くなったとき・熱が出始めたとき
腰痛,ノーシン錠,痛くなったとき・熱が出始めたとき
腰痛,ノーシン錠,ひどくはなっていないが、痛みや熱がひかないとき
腰痛,ノーシン錠,ひどくはなっていないが、痛みや熱がひかないとき
腰痛,ノーシン錠,痛みがひどくなりそうなとき・熱が更に上がりそうなとき
腰痛,ノーシン錠,痛みがひどくなりそうなとき・熱が更に上がりそうなとき
腰痛,ノーシン錠,痛みが我慢できなくなったとき・熱が高くなったとき
腰痛,ノーシン錠,痛みが我慢できなくなったとき・熱が高くなったとき
腰痛,ノーシン錠,痛みが我慢できなくなったとき・熱が高くなったとき
腰痛,ノーシン錠,痛みが我慢できなくなったとき・熱が高くなったとき
腰痛,ノーシン錠,痛みが我慢できなくなったとき・熱が高くなったとき
腰痛,ノーシン錠,痛みが我慢できなくなったとき・熱が高くなったとき
腰痛,ノーシン錠,痛みが我慢できなくなったとき・熱が高くなったとき
腰痛,ノーシン錠,その他
腰痛,ノーシンピュア,痛くなったとき・熱が出始めたとき
腰痛,ノーシンピュア,痛くなったとき・熱が出始めたとき
腰痛,ノーシンピュア,痛みがひどくなりそうなとき・熱が更に上がりそうなとき
腰痛,ノーシンピュア,痛みが我慢できなくなったとき・熱が高くなったとき
腰痛,ノーシンピュア,痛みが我慢できなくなったとき・熱が高くなったとき
腰痛,ノーシンピュア,痛みが我慢できなくなったとき・熱が高くなったとき
腰痛,ノーシンピュア,痛みが我慢できなくなったとき・熱が高くなったとき
腰痛,ノーシンピュア,痛みが我慢できなくなったとき・熱が高くなったとき
腰痛,ノーシンピュア,痛みが我慢できなくなったとき・熱が高くなったとき
腰痛,ノーシンピュア,痛みが我慢できなくなったとき・熱が高くなったとき
腰痛,ノーシンピュア,その他
腰痛,ナロンエース,痛くなったとき・熱が出始めたとき
腰痛,ナロンエース,ひどくはなっていないが、痛みや熱がひかないとき
腰痛,ナロンエース,痛みが我慢できなくなったとき・熱が高くなったとき
腰痛,ナロンエース,痛みが我慢できなくなったとき・熱が高くなったとき
腰痛,ナロンエース,痛みが我慢できなくなったとき・熱が高くなったとき
腰痛,ナロンエース,痛みが我慢できなくなったとき・熱が高くなったとき
腰痛,ナロンエース,痛みが我慢できなくなったとき・熱が高くなったとき
腰痛,ナロンエース,痛みが我慢できなくなったとき・熱が高くなったとき
腰痛,ナロンエース,痛みが我慢できなくなったとき・熱が高くなったとき
腰痛,ナロンエース,痛みが我慢できなくなったとき・熱が高くなったとき
腰痛,ナロンエース,痛みが我慢できなくなったとき・熱が高くなったとき
腰痛,リングルアイビー,痛くなったとき・熱が出始めたとき
腰痛,リングルアイビー,痛くなったとき・熱が出始めたとき
腰痛,リングルアイビー,ひどくはなっていないが、痛みや熱がひかないとき
腰痛,リングルアイビー,痛みがひどくなりそうなとき・熱が更に上がりそうなとき
腰痛,リングルアイビー,痛みがひどくなりそうなとき・熱が更に上がりそうなとき
腰痛,リングルアイビー,痛みが我慢できなくなったとき・熱が高くなったとき
腰痛,リングルアイビー,痛みが我慢できなくなったとき・熱が高くなったとき
腰痛,リングルアイビー,痛みが我慢できなくなったとき・熱が高くなったとき
腰痛,リングルアイビー,痛みが我慢できなくなったとき・熱が高くなったとき
腰痛,リングルアイビー,その他
腰痛,リングルアイビー,その他
関節痛,バファリンA,痛くなったとき・熱が出始めたとき
関節痛,バファリンA,痛くなったとき・熱が出始めたとき
関節痛,バファリンA,痛くなったとき・熱が出始めたとき
関節痛,バファリンA,ひどくはなっていないが、痛みや熱がひかないとき
関節痛,バファリンA,痛みがひどくなりそうなとき・熱が更に上がりそうなとき
関節痛,バファリンA,痛みが我慢できなくなったとき・熱が高くなったとき
関節痛,バファリンA,痛みが我慢できなくなったとき・熱が高くなったとき
関節痛,バファリンA,その他
関節痛,イブA錠,痛くなりそうなとき・熱が出そうなとき
関節痛,イブA錠,痛くなったとき・熱が出始めたとき
関節痛,イブA錠,痛くなったとき・熱が出始めたとき
関節痛,イブA錠,痛くなったとき・熱が出始めたとき
関節痛,イブA錠,ひどくはなっていないが、痛みや熱がひかないとき
関節痛,イブA錠,痛みがひどくなりそうなとき・熱が更に上がりそうなとき
関節痛,イブA錠,痛みがひどくなりそうなとき・熱が更に上がりそうなとき
関節痛,イブA錠,痛みが我慢できなくなったとき・熱が高くなったとき
関節痛,イブA錠,痛みが我慢できなくなったとき・熱が高くなったとき
関節痛,イブA錠,その他
関節痛,新セデス錠,痛くなったとき・熱が出始めたとき
関節痛,新セデス錠,痛くなったとき・熱が出始めたとき
関節痛,新セデス錠,ひどくはなっていないが、痛みや熱がひかないとき
関節痛,新セデス錠,ひどくはなっていないが、痛みや熱がひかないとき
関節痛,新セデス錠,痛みがひどくなりそうなとき・熱が更に上がりそうなとき
関節痛,新セデス錠,痛みがひどくなりそうなとき・熱が更に上がりそうなとき
関節痛,新セデス錠,痛みが我慢できなくなったとき・熱が高くなったとき
関節痛,新セデス錠,痛みが我慢できなくなったとき・熱が高くなったとき
関節痛,新セデス錠,その他
関節痛,セデスハイ,痛くなったとき・熱が出始めたとき
関節痛,セデスハイ,痛くなったとき・熱が出始めたとき
関節痛,セデスハイ,痛くなったとき・熱が出始めたとき
関節痛,セデスハイ,痛みが我慢できなくなったとき・熱が高くなったとき
関節痛,セデスハイ,痛みが我慢できなくなったとき・熱が高くなったとき
関節痛,セデスハイ,痛みが我慢できなくなったとき・熱が高くなったとき
関節痛,セデスハイ,痛みが我慢できなくなったとき・熱が高くなったとき
関節痛,セデスハイ,痛みが我慢できなくなったとき・熱が高くなったとき
関節痛,セデスハイ,痛みが我慢できなくなったとき・熱が高くなったとき
関節痛,セデスV,痛くなりそうなとき・熱が出そうなとき
関節痛,セデスV,痛くなりそうなとき・熱が出そうなとき
関節痛,セデスV,痛くなったとき・熱が出始めたとき
関節痛,セデスV,痛くなったとき・熱が出始めたとき
関節痛,セデスV,痛くなったとき・熱が出始めたとき
関節痛,セデスV,痛くなったとき・熱が出始めたとき
関節痛,セデスV,痛くなったとき・熱が出始めたとき
関節痛,セデスV,痛くなったとき・熱が出始めたとき
関節痛,セデスV,痛くなったとき・熱が出始めたとき
関節痛,セデスV,ひどくはなっていないが、痛みや熱がひかないとき
関節痛,セデスV,ひどくはなっていないが、痛みや熱がひかないとき
関節痛,セデスV,ひどくはなっていないが、痛みや熱がひかないとき
関節痛,セデスV,ひどくはなっていないが、痛みや熱がひかないとき
関節痛,セデスV,ひどくはなっていないが、痛みや熱がひかないとき
関節痛,セデスV,痛みがひどくなりそうなとき・熱が更に上がりそうなとき
関節痛,セデスV,痛みがひどくなりそうなとき・熱が更に上がりそうなとき
関節痛,セデスV,痛みがひどくなりそうなとき・熱が更に上がりそうなとき
関節痛,セデスV,痛みがひどくなりそうなとき・熱が更に上がりそうなとき
関節痛,セデスV,痛みがひどくなりそうなとき・熱が更に上がりそうなとき
関節痛,セデスV,痛みが我慢できなくなったとき・熱が高くなったとき
関節痛,セデスV,痛みが我慢できなくなったとき・熱が高くなったとき
関節痛,セデスV,痛みが我慢できなくなったとき・熱が高くなったとき
関節痛,セデスV,痛みが我慢できなくなったとき・熱が高くなったとき
関節痛,セデスV,痛みが我慢できなくなったとき・熱が高くなったとき
関節痛,セデスV,痛みが我慢できなくなったとき・熱が高くなったとき
関節痛,セデスV,その他
関節痛,セデスキュア,痛くなりそうなとき・熱が出そうなとき
関節痛,セデスキュア,痛くなりそうなとき・熱が出そうなとき
関節痛,セデスキュア,痛くなったとき・熱が出始めたとき
関節痛,セデスキュア,痛くなったとき・熱が出始めたとき
関節痛,セデスキュア,痛くなったとき・熱が出始めたとき
関節痛,セデスキュア,ひどくはなっていないが、痛みや熱がひかないとき
関節痛,セデスキュア,ひどくはなっていないが、痛みや熱がひかないとき
関節痛,セデスキュア,ひどくはなっていないが、痛みや熱がひかないとき
関節痛,セデスキュア,痛みがひどくなりそうなとき・熱が更に上がりそうなとき
関節痛,セデスキュア,痛みがひどくなりそうなとき・熱が更に上がりそうなとき
関節痛,セデスキュア,痛みがひどくなりそうなとき・熱が更に上がりそうなとき
関節痛,セデスキュア,痛みがひどくなりそうなとき・熱が更に上がりそうなとき
関節痛,セデスキュア,痛みが我慢できなくなったとき・熱が高くなったとき
関節痛,セデスキュア,痛みが我慢できなくなったとき・熱が高くなったとき
関節痛,セデスキュア,痛みが我慢できなくなったとき・熱が高くなったとき
関節痛,セデスキュア,痛みが我慢できなくなったとき・熱が高くなったとき
関節痛,セデスキュア,痛みが我慢できなくなったとき・熱が高くなったとき
関節痛,セデスキュア,痛みが我慢できなくなったとき・熱が高くなったとき
関節痛,セデスキュア,その他
関節痛,ノーシン錠,痛くなりそうなとき・熱が出そうなとき
関節痛,ノーシン錠,痛くなったとき・熱が出始めたとき
関節痛,ノーシン錠,痛くなったとき・熱が出始めたとき
関節痛,ノーシン錠,痛くなったとき・熱が出始めたとき
関節痛,ノーシン錠,ひどくはなっていないが、痛みや熱がひかないとき
関節痛,ノーシン錠,ひどくはなっていないが、痛みや熱がひかないとき
関節痛,ノーシン錠,痛みがひどくなりそうなとき・熱が更に上がりそうなとき
関節痛,ノーシン錠,痛みが我慢できなくなったとき・熱が高くなったとき
関節痛,ノーシン錠,痛みが我慢できなくなったとき・熱が高くなったとき
関節痛,ノーシン錠,痛みが我慢できなくなったとき・熱が高くなったとき
関節痛,ノーシン錠,痛みが我慢できなくなったとき・熱が高くなったとき
関節痛,ノーシン錠,痛みが我慢できなくなったとき・熱が高くなったとき
関節痛,ノーシン錠,痛みが我慢できなくなったとき・熱が高くなったとき
関節痛,ノーシンピュア,痛くなったとき・熱が出始めたとき
関節痛,ノーシンピュア,痛くなったとき・熱が出始めたとき
関節痛,ノーシンピュア,痛みが我慢できなくなったとき・熱が高くなったとき
関節痛,ノーシンピュア,痛みが我慢できなくなったとき・熱が高くなったとき
関節痛,ノーシンピュア,その他
関節痛,ナロンエース,痛くなりそうなとき・熱が出そうなとき
関節痛,ナロンエース,痛くなったとき・熱が出始めたとき
関節痛,ナロンエース,痛くなったとき・熱が出始めたとき
関節痛,ナロンエース,ひどくはなっていないが、痛みや熱がひかないとき
関節痛,ナロンエース,痛みが我慢できなくなったとき・熱が高くなったとき
関節痛,ナロンエース,痛みが我慢できなくなったとき・熱が高くなったとき
関節痛,ナロンエース,痛みが我慢できなくなったとき・熱が高くなったとき
関節痛,ナロンエース,痛みが我慢できなくなったとき・熱が高くなったとき
関節痛,ナロンエース,痛みが我慢できなくなったとき・熱が高くなったとき
関節痛,ナロンエース,痛みが我慢できなくなったとき・熱が高くなったとき
関節痛,ナロンエース,痛みが我慢できなくなったとき・熱が高くなったとき
関節痛,ナロンエース,痛みが我慢できなくなったとき・熱が高くなったとき
関節痛,ナロンエース,痛みが我慢できなくなったとき・熱が高くなったとき
関節痛,リングルアイビー,痛くなったとき・熱が出始めたとき
関節痛,リングルアイビー,痛みが我慢できなくなったとき・熱が高くなったとき
関節痛,リングルアイビー,その他
関節痛,リングルアイビー,その他
打撲・捻挫・外傷による痛み,バファリンA,痛くなったとき・熱が出始めたとき
打撲・捻挫・外傷による痛み,バファリンA,痛くなったとき・熱が出始めたとき
打撲・捻挫・外傷による痛み,バファリンA,ひどくはなっていないが、痛みや熱がひかないとき
打撲・捻挫・外傷による痛み,バファリンA,ひどくはなっていないが、痛みや熱がひかないとき
打撲・捻挫・外傷による痛み,バファリンA,痛みが我慢できなくなったとき・熱が高くなったとき
打撲・捻挫・外傷による痛み,バファリンA,痛みが我慢できなくなったとき・熱が高くなったとき
打撲・捻挫・外傷による痛み,バファリンA,痛みが我慢できなくなったとき・熱が高くなったとき
打撲・捻挫・外傷による痛み,バファリンA,痛みが我慢できなくなったとき・熱が高くなったとき
打撲・捻挫・外傷による痛み,バファリンA,その他
打撲・捻挫・外傷による痛み,イブA錠,痛くなりそうなとき・熱が出そうなとき
打撲・捻挫・外傷による痛み,イブA錠,痛くなったとき・熱が出始めたとき
打撲・捻挫・外傷による痛み,イブA錠,痛くなったとき・熱が出始めたとき
打撲・捻挫・外傷による痛み,イブA錠,ひどくはなっていないが、痛みや熱がひかないとき
打撲・捻挫・外傷による痛み,イブA錠,痛みがひどくなりそうなとき・熱が更に上がりそうなとき
打撲・捻挫・外傷による痛み,イブA錠,痛みがひどくなりそうなとき・熱が更に上がりそうなとき
打撲・捻挫・外傷による痛み,イブA錠,痛みが我慢できなくなったとき・熱が高くなったとき
打撲・捻挫・外傷による痛み,イブA錠,痛みが我慢できなくなったとき・熱が高くなったとき
打撲・捻挫・外傷による痛み,イブA錠,その他
打撲・捻挫・外傷による痛み,新セデス錠,痛くなったとき・熱が出始めたとき
打撲・捻挫・外傷による痛み,新セデス錠,痛くなったとき・熱が出始めたとき
打撲・捻挫・外傷による痛み,新セデス錠,痛みがひどくなりそうなとき・熱が更に上がりそうなとき
打撲・捻挫・外傷による痛み,新セデス錠,痛みが我慢できなくなったとき・熱が高くなったとき
打撲・捻挫・外傷による痛み,新セデス錠,痛みが我慢できなくなったとき・熱が高くなったとき
打撲・捻挫・外傷による痛み,新セデス錠,痛みが我慢できなくなったとき・熱が高くなったとき
打撲・捻挫・外傷による痛み,新セデス錠,痛みが我慢できなくなったとき・熱が高くなったとき
打撲・捻挫・外傷による痛み,新セデス錠,その他
打撲・捻挫・外傷による痛み,セデスハイ,痛くなったとき・熱が出始めたとき
打撲・捻挫・外傷による痛み,セデスハイ,ひどくはなっていないが、痛みや熱がひかないとき
打撲・捻挫・外傷による痛み,セデスハイ,痛みがひどくなりそうなとき・熱が更に上がりそうなとき
打撲・捻挫・外傷による痛み,セデスハイ,痛みが我慢できなくなったとき・熱が高くなったとき
打撲・捻挫・外傷による痛み,セデスハイ,痛みが我慢できなくなったとき・熱が高くなったとき
打撲・捻挫・外傷による痛み,セデスハイ,痛みが我慢できなくなったとき・熱が高くなったとき
打撲・捻挫・外傷による痛み,セデスハイ,痛みが我慢できなくなったとき・熱が高くなったとき
打撲・捻挫・外傷による痛み,セデスハイ,痛みが我慢できなくなったとき・熱が高くなったとき
打撲・捻挫・外傷による痛み,セデスV,痛くなりそうなとき・熱が出そうなとき
打撲・捻挫・外傷による痛み,セデスV,痛くなりそうなとき・熱が出そうなとき
打撲・捻挫・外傷による痛み,セデスV,痛くなったとき・熱が出始めたとき
打撲・捻挫・外傷による痛み,セデスV,痛くなったとき・熱が出始めたとき
打撲・捻挫・外傷による痛み,セデスV,痛くなったとき・熱が出始めたとき
打撲・捻挫・外傷による痛み,セデスV,痛くなったとき・熱が出始めたとき
打撲・捻挫・外傷による痛み,セデスV,痛くなったとき・熱が出始めたとき
打撲・捻挫・外傷による痛み,セデスV,痛くなったとき・熱が出始めたとき
打撲・捻挫・外傷による痛み,セデスV,痛くなったとき・熱が出始めたとき
打撲・捻挫・外傷による痛み,セデスV,ひどくはなっていないが、痛みや熱がひかないとき
打撲・捻挫・外傷による痛み,セデスV,ひどくはなっていないが、痛みや熱がひかないとき
打撲・捻挫・外傷による痛み,セデスV,ひどくはなっていないが、痛みや熱がひかないとき
打撲・捻挫・外傷による痛み,セデスV,ひどくはなっていないが、痛みや熱がひかないとき
打撲・捻挫・外傷による痛み,セデスV,痛みがひどくなりそうなとき・熱が更に上がりそうなとき
打撲・捻挫・外傷による痛み,セデスV,痛みがひどくなりそうなとき・熱が更に上がりそうなとき
打撲・捻挫・外傷による痛み,セデスV,痛みがひどくなりそうなとき・熱が更に上がりそうなとき
打撲・捻挫・外傷による痛み,セデスV,痛みがひどくなりそうなとき・熱が更に上がりそうなとき
打撲・捻挫・外傷による痛み,セデスV,痛みがひどくなりそうなとき・熱が更に上がりそうなとき
打撲・捻挫・外傷による痛み,セデスV,痛みが我慢できなくなったとき・熱が高くなったとき
打撲・捻挫・外傷による痛み,セデスV,痛みが我慢できなくなったとき・熱が高くなったとき
打撲・捻挫・外傷による痛み,セデスV,痛みが我慢できなくなったとき・熱が高くなったとき
打撲・捻挫・外傷による痛み,セデスV,痛みが我慢できなくなったとき・熱が高くなったとき
打撲・捻挫・外傷による痛み,セデスV,痛みが我慢できなくなったとき・熱が高くなったとき
打撲・捻挫・外傷による痛み,セデスV,痛みが我慢できなくなったとき・熱が高くなったとき
打撲・捻挫・外傷による痛み,セデスV,痛みが我慢できなくなったとき・熱が高くなったとき
打撲・捻挫・外傷による痛み,セデスV,痛みが我慢できなくなったとき・熱が高くなったとき
打撲・捻挫・外傷による痛み,セデスV,その他
打撲・捻挫・外傷による痛み,セデスV,その他
打撲・捻挫・外傷による痛み,セデスキュア,痛くなりそうなとき・熱が出そうなとき
打撲・捻挫・外傷による痛み,セデスキュア,痛くなったとき・熱が出始めたとき
打撲・捻挫・外傷による痛み,セデスキュア,痛くなったとき・熱が出始めたとき
打撲・捻挫・外傷による痛み,セデスキュア,痛くなったとき・熱が出始めたとき
打撲・捻挫・外傷による痛み,セデスキュア,ひどくはなっていないが、痛みや熱がひかないとき
打撲・捻挫・外傷による痛み,セデスキュア,ひどくはなっていないが、痛みや熱がひかないとき
打撲・捻挫・外傷による痛み,セデスキュア,痛みがひどくなりそうなとき・熱が更に上がりそうなとき
打撲・捻挫・外傷による痛み,セデスキュア,痛みがひどくなりそうなとき・熱が更に上がりそうなとき
打撲・捻挫・外傷による痛み,セデスキュア,痛みがひどくなりそうなとき・熱が更に上がりそうなとき
打撲・捻挫・外傷による痛み,セデスキュア,痛みがひどくなりそうなとき・熱が更に上がりそうなとき
打撲・捻挫・外傷による痛み,セデスキュア,痛みが我慢できなくなったとき・熱が高くなったとき
打撲・捻挫・外傷による痛み,セデスキュア,痛みが我慢できなくなったとき・熱が高くなったとき
打撲・捻挫・外傷による痛み,セデスキュア,痛みが我慢できなくなったとき・熱が高くなったとき
打撲・捻挫・外傷による痛み,セデスキュア,痛みが我慢できなくなったとき・熱が高くなったとき
打撲・捻挫・外傷による痛み,ノーシン錠,痛くなりそうなとき・熱が出そうなとき
打撲・捻挫・外傷による痛み,ノーシン錠,痛くなったとき・熱が出始めたとき
打撲・捻挫・外傷による痛み,ノーシン錠,痛くなったとき・熱が出始めたとき
打撲・捻挫・外傷による痛み,ノーシン錠,痛くなったとき・熱が出始めたとき
打撲・捻挫・外傷による痛み,ノーシン錠,ひどくはなっていないが、痛みや熱がひかないとき
打撲・捻挫・外傷による痛み,ノーシン錠,ひどくはなっていないが、痛みや熱がひかないとき
打撲・捻挫・外傷による痛み,ノーシン錠,痛みがひどくなりそうなとき・熱が更に上がりそうなとき
打撲・捻挫・外傷による痛み,ノーシン錠,痛みがひどくなりそうなとき・熱が更に上がりそうなとき
打撲・捻挫・外傷による痛み,ノーシン錠,痛みが我慢できなくなったとき・熱が高くなったとき
打撲・捻挫・外傷による痛み,ノーシン錠,痛みが我慢できなくなったとき・熱が高くなったとき
打撲・捻挫・外傷による痛み,ノーシン錠,痛みが我慢できなくなったとき・熱が高くなったとき
打撲・捻挫・外傷による痛み,ノーシン錠,痛みが我慢できなくなったとき・熱が高くなったとき
打撲・捻挫・外傷による痛み,ノーシン錠,痛みが我慢できなくなったとき・熱が高くなったとき
打撲・捻挫・外傷による痛み,ノーシン錠,痛みが我慢できなくなったとき・熱が高くなったとき
打撲・捻挫・外傷による痛み,ノーシン錠,痛みが我慢できなくなったとき・熱が高くなったとき
打撲・捻挫・外傷による痛み,ノーシン錠,痛みが我慢できなくなったとき・熱が高くなったとき
打撲・捻挫・外傷による痛み,ノーシンピュア,痛くなったとき・熱が出始めたとき
打撲・捻挫・外傷による痛み,ノーシンピュア,痛みがひどくなりそうなとき・熱が更に上がりそうなとき
打撲・捻挫・外傷による痛み,ノーシンピュア,痛みがひどくなりそうなとき・熱が更に上がりそうなとき
打撲・捻挫・外傷による痛み,ノーシンピュア,痛みが我慢できなくなったとき・熱が高くなったとき
打撲・捻挫・外傷による痛み,ノーシンピュア,痛みが我慢できなくなったとき・熱が高くなったとき
打撲・捻挫・外傷による痛み,ノーシンピュア,その他
打撲・捻挫・外傷による痛み,ナロンエース,痛くなったとき・熱が出始めたとき
打撲・捻挫・外傷による痛み,ナロンエース,痛くなったとき・熱が出始めたとき
打撲・捻挫・外傷による痛み,ナロンエース,痛くなったとき・熱が出始めたとき
打撲・捻挫・外傷による痛み,ナロンエース,ひどくはなっていないが、痛みや熱がひかないとき
打撲・捻挫・外傷による痛み,ナロンエース,痛みが我慢できなくなったとき・熱が高くなったとき
打撲・捻挫・外傷による痛み,ナロンエース,痛みが我慢できなくなったとき・熱が高くなったとき
打撲・捻挫・外傷による痛み,ナロンエース,痛みが我慢できなくなったとき・熱が高くなったとき
打撲・捻挫・外傷による痛み,ナロンエース,痛みが我慢できなくなったとき・熱が高くなったとき
打撲・捻挫・外傷による痛み,ナロンエース,痛みが我慢できなくなったとき・熱が高くなったとき
打撲・捻挫・外傷による痛み,リングルアイビー,痛みが我慢できなくなったとき・熱が高くなったとき
打撲・捻挫・外傷による痛み,リングルアイビー,痛みが我慢できなくなったとき・熱が高くなったとき
打撲・捻挫・外傷による痛み,リングルアイビー,痛みが我慢できなくなったとき・熱が高くなったとき
打撲・捻挫・外傷による痛み,リングルアイビー,その他
打撲・捻挫・外傷による痛み,リングルアイビー,その他
上記以外の痛み,バファリンA,痛くなったとき・熱が出始めたとき
上記以外の痛み,バファリンA,痛くなったとき・熱が出始めたとき
上記以外の痛み,バファリンA,痛くなったとき・熱が出始めたとき
上記以外の痛み,バファリンA,痛くなったとき・熱が出始めたとき
上記以外の痛み,バファリンA,ひどくはなっていないが、痛みや熱がひかないとき
上記以外の痛み,バファリンA,ひどくはなっていないが、痛みや熱がひかないとき
上記以外の痛み,バファリンA,痛みがひどくなりそうなとき・熱が更に上がりそうなとき
上記以外の痛み,バファリンA,痛みが我慢できなくなったとき・熱が高くなったとき
上記以外の痛み,バファリンA,痛みが我慢できなくなったとき・熱が高くなったとき
上記以外の痛み,バファリンA,痛みが我慢できなくなったとき・熱が高くなったとき
上記以外の痛み,バファリンA,痛みが我慢できなくなったとき・熱が高くなったとき
上記以外の痛み,バファリンA,痛みが我慢できなくなったとき・熱が高くなったとき
上記以外の痛み,バファリンA,その他
上記以外の痛み,バファリンA,その他
上記以外の痛み,イブA錠,痛くなったとき・熱が出始めたとき
上記以外の痛み,イブA錠,痛くなったとき・熱が出始めたとき
上記以外の痛み,イブA錠,ひどくはなっていないが、痛みや熱がひかないとき
上記以外の痛み,イブA錠,痛みがひどくなりそうなとき・熱が更に上がりそうなとき
上記以外の痛み,イブA錠,痛みがひどくなりそうなとき・熱が更に上がりそうなとき
上記以外の痛み,イブA錠,痛みがひどくなりそうなとき・熱が更に上がりそうなとき
上記以外の痛み,イブA錠,痛みが我慢できなくなったとき・熱が高くなったとき
上記以外の痛み,イブA錠,痛みが我慢できなくなったとき・熱が高くなったとき
上記以外の痛み,イブA錠,痛みが我慢できなくなったとき・熱が高くなったとき
上記以外の痛み,イブA錠,その他
上記以外の痛み,イブA錠,その他
上記以外の痛み,イブA錠,その他
上記以外の痛み,新セデス錠,痛くなったとき・熱が出始めたとき
上記以外の痛み,新セデス錠,痛くなったとき・熱が出始めたとき
上記以外の痛み,新セデス錠,痛くなったとき・熱が出始めたとき
上記以外の痛み,新セデス錠,痛くなったとき・熱が出始めたとき
上記以外の痛み,新セデス錠,痛くなったとき・熱が出始めたとき
上記以外の痛み,新セデス錠,痛くなったとき・熱が出始めたとき
上記以外の痛み,新セデス錠,ひどくはなっていないが、痛みや熱がひかないとき
上記以外の痛み,新セデス錠,痛みがひどくなりそうなとき・熱が更に上がりそうなとき
上記以外の痛み,新セデス錠,痛みがひどくなりそうなとき・熱が更に上がりそうなとき
上記以外の痛み,新セデス錠,痛みがひどくなりそうなとき・熱が更に上がりそうなとき
上記以外の痛み,新セデス錠,痛みがひどくなりそうなとき・熱が更に上がりそうなとき
上記以外の痛み,新セデス錠,痛みがひどくなりそうなとき・熱が更に上がりそうなとき
上記以外の痛み,新セデス錠,痛みがひどくなりそうなとき・熱が更に上がりそうなとき
上記以外の痛み,新セデス錠,痛みが我慢できなくなったとき・熱が高くなったとき
上記以外の痛み,新セデス錠,痛みが我慢できなくなったとき・熱が高くなったとき
上記以外の痛み,新セデス錠,痛みが我慢できなくなったとき・熱が高くなったとき
上記以外の痛み,新セデス錠,痛みが我慢できなくなったとき・熱が高くなったとき
上記以外の痛み,新セデス錠,痛みが我慢できなくなったとき・熱が高くなったとき
上記以外の痛み,新セデス錠,痛みが我慢できなくなったとき・熱が高くなったとき
上記以外の痛み,新セデス錠,その他
上記以外の痛み,新セデス錠,その他
上記以外の痛み,セデスハイ,痛くなったとき・熱が出始めたとき
上記以外の痛み,セデスハイ,ひどくはなっていないが、痛みや熱がひかないとき
上記以外の痛み,セデスハイ,痛みがひどくなりそうなとき・熱が更に上がりそうなとき
上記以外の痛み,セデスハイ,痛みが我慢できなくなったとき・熱が高くなったとき
上記以外の痛み,セデスハイ,痛みが我慢できなくなったとき・熱が高くなったとき
上記以外の痛み,セデスハイ,痛みが我慢できなくなったとき・熱が高くなったとき
上記以外の痛み,セデスハイ,痛みが我慢できなくなったとき・熱が高くなったとき
上記以外の痛み,セデスハイ,痛みが我慢できなくなったとき・熱が高くなったとき
上記以外の痛み,セデスハイ,痛みが我慢できなくなったとき・熱が高くなったとき
上記以外の痛み,セデスハイ,その他
上記以外の痛み,セデスV,痛くなりそうなとき・熱が出そうなとき
上記以外の痛み,セデスV,痛くなりそうなとき・熱が出そうなとき
上記以外の痛み,セデスV,痛くなりそうなとき・熱が出そうなとき
上記以外の痛み,セデスV,痛くなったとき・熱が出始めたとき
上記以外の痛み,セデスV,痛くなったとき・熱が出始めたとき
上記以外の痛み,セデスV,痛くなったとき・熱が出始めたとき
上記以外の痛み,セデスV,痛くなったとき・熱が出始めたとき
上記以外の痛み,セデスV,痛くなったとき・熱が出始めたとき
上記以外の痛み,セデスV,痛くなったとき・熱が出始めたとき
上記以外の痛み,セデスV,痛くなったとき・熱が出始めたとき
上記以外の痛み,セデスV,ひどくはなっていないが、痛みや熱がひかないとき
上記以外の痛み,セデスV,ひどくはなっていないが、痛みや熱がひかないとき
上記以外の痛み,セデスV,ひどくはなっていないが、痛みや熱がひかないとき
上記以外の痛み,セデスV,ひどくはなっていないが、痛みや熱がひかないとき
上記以外の痛み,セデスV,ひどくはなっていないが、痛みや熱がひかないとき
上記以外の痛み,セデスV,痛みがひどくなりそうなとき・熱が更に上がりそうなとき
上記以外の痛み,セデスV,痛みがひどくなりそうなとき・熱が更に上がりそうなとき
上記以外の痛み,セデスV,痛みがひどくなりそうなとき・熱が更に上がりそうなとき
上記以外の痛み,セデスV,痛みがひどくなりそうなとき・熱が更に上がりそうなとき
上記以外の痛み,セデスV,痛みがひどくなりそうなとき・熱が更に上がりそうなとき
上記以外の痛み,セデスV,痛みが我慢できなくなったとき・熱が高くなったとき
上記以外の痛み,セデスV,痛みが我慢できなくなったとき・熱が高くなったとき
上記以外の痛み,セデスV,痛みが我慢できなくなったとき・熱が高くなったとき
上記以外の痛み,セデスV,痛みが我慢できなくなったとき・熱が高くなったとき
上記以外の痛み,セデスV,痛みが我慢できなくなったとき・熱が高くなったとき
上記以外の痛み,セデスV,その他
上記以外の痛み,セデスV,その他
上記以外の痛み,セデスV,その他
上記以外の痛み,セデスキュア,痛くなりそうなとき・熱が出そうなとき
上記以外の痛み,セデスキュア,痛くなったとき・熱が出始めたとき
上記以外の痛み,セデスキュア,痛くなったとき・熱が出始めたとき
上記以外の痛み,セデスキュア,痛くなったとき・熱が出始めたとき
上記以外の痛み,セデスキュア,痛くなったとき・熱が出始めたとき
上記以外の痛み,セデスキュア,痛くなったとき・熱が出始めたとき
上記以外の痛み,セデスキュア,ひどくはなっていないが、痛みや熱がひかないとき
上記以外の痛み,セデスキュア,ひどくはなっていないが、痛みや熱がひかないとき
上記以外の痛み,セデスキュア,ひどくはなっていないが、痛みや熱がひかないとき
上記以外の痛み,セデスキュア,ひどくはなっていないが、痛みや熱がひかないとき
上記以外の痛み,セデスキュア,痛みがひどくなりそうなとき・熱が更に上がりそうなとき
上記以外の痛み,セデスキュア,痛みがひどくなりそうなとき・熱が更に上がりそうなとき
上記以外の痛み,セデスキュア,痛みがひどくなりそうなとき・熱が更に上がりそうなとき
上記以外の痛み,セデスキュア,痛みが我慢できなくなったとき・熱が高くなったとき
上記以外の痛み,セデスキュア,痛みが我慢できなくなったとき・熱が高くなったとき
上記以外の痛み,セデスキュア,痛みが我慢できなくなったとき・熱が高くなったとき
上記以外の痛み,セデスキュア,痛みが我慢できなくなったとき・熱が高くなったとき
上記以外の痛み,セデスキュア,痛みが我慢できなくなったとき・熱が高くなったとき
上記以外の痛み,セデスキュア,その他
上記以外の痛み,セデスキュア,その他
上記以外の痛み,セデスキュア,その他
上記以外の痛み,ノーシン錠,痛くなりそうなとき・熱が出そうなとき
上記以外の痛み,ノーシン錠,痛くなったとき・熱が出始めたとき
上記以外の痛み,ノーシン錠,痛くなったとき・熱が出始めたとき
上記以外の痛み,ノーシン錠,痛くなったとき・熱が出始めたとき
上記以外の痛み,ノーシン錠,痛くなったとき・熱が出始めたとき
上記以外の痛み,ノーシン錠,ひどくはなっていないが、痛みや熱がひかないとき
上記以外の痛み,ノーシン錠,ひどくはなっていないが、痛みや熱がひかないとき
上記以外の痛み,ノーシン錠,ひどくはなっていないが、痛みや熱がひかないとき
上記以外の痛み,ノーシン錠,痛みがひどくなりそうなとき・熱が更に上がりそうなとき
上記以外の痛み,ノーシン錠,痛みがひどくなりそうなとき・熱が更に上がりそうなとき
上記以外の痛み,ノーシン錠,痛みが我慢できなくなったとき・熱が高くなったとき
上記以外の痛み,ノーシン錠,痛みが我慢できなくなったとき・熱が高くなったとき
上記以外の痛み,ノーシン錠,痛みが我慢できなくなったとき・熱が高くなったとき
上記以外の痛み,ノーシン錠,痛みが我慢できなくなったとき・熱が高くなったとき
上記以外の痛み,ノーシン錠,痛みが我慢できなくなったとき・熱が高くなったとき
上記以外の痛み,ノーシン錠,その他
上記以外の痛み,ノーシンピュア,痛くなりそうなとき・熱が出そうなとき
上記以外の痛み,ノーシンピュア,痛みがひどくなりそうなとき・熱が更に上がりそうなとき
上記以外の痛み,ノーシンピュア,痛みがひどくなりそうなとき・熱が更に上がりそうなとき
上記以外の痛み,ノーシンピュア,痛みが我慢できなくなったとき・熱が高くなったとき
上記以外の痛み,ノーシンピュア,痛みが我慢できなくなったとき・熱が高くなったとき
上記以外の痛み,ノーシンピュア,痛みが我慢できなくなったとき・熱が高くなったとき
上記以外の痛み,ノーシンピュア,その他
上記以外の痛み,ノーシンピュア,その他
上記以外の痛み,ノーシンピュア,その他
上記以外の痛み,ナロンエース,痛くなりそうなとき・熱が出そうなとき
上記以外の痛み,ナロンエース,痛くなりそうなとき・熱が出そうなとき
上記以外の痛み,ナロンエース,痛くなったとき・熱が出始めたとき
上記以外の痛み,ナロンエース,痛くなったとき・熱が出始めたとき
上記以外の痛み,ナロンエース,痛くなったとき・熱が出始めたとき
上記以外の痛み,ナロンエース,ひどくはなっていないが、痛みや熱がひかないとき
上記以外の痛み,ナロンエース,ひどくはなっていないが、痛みや熱がひかないとき
上記以外の痛み,ナロンエース,ひどくはなっていないが、痛みや熱がひかないとき
上記以外の痛み,ナロンエース,痛みがひどくなりそうなとき・熱が更に上がりそうなとき
上記以外の痛み,ナロンエース,痛みがひどくなりそうなとき・熱が更に上がりそうなとき
上記以外の痛み,ナロンエース,痛みが我慢できなくなったとき・熱が高くなったとき
上記以外の痛み,ナロンエース,痛みが我慢できなくなったとき・熱が高くなったとき
上記以外の痛み,ナロンエース,痛みが我慢できなくなったとき・熱が高くなったとき
上記以外の痛み,ナロンエース,痛みが我慢できなくなったとき・熱が高くなったとき
上記以外の痛み,ナロンエース,痛みが我慢できなくなったとき・熱が高くなったとき
上記以外の痛み,ナロンエース,痛みが我慢できなくなったとき・熱が高くなったとき
上記以外の痛み,リングルアイビー,痛くなりそうなとき・熱が出そうなとき
上記以外の痛み,リングルアイビー,痛みがひどくなりそうなとき・熱が更に上がりそうなとき
上記以外の痛み,リングルアイビー,痛みがひどくなりそうなとき・熱が更に上がりそうなとき
上記以外の痛み,リングルアイビー,痛みがひどくなりそうなとき・熱が更に上がりそうなとき
上記以外の痛み,リングルアイビー,痛みが我慢できなくなったとき・熱が高くなったとき
上記以外の痛み,リングルアイビー,痛みが我慢できなくなったとき・熱が高くなったとき
上記以外の痛み,リングルアイビー,痛みが我慢できなくなったとき・熱が高くなったとき
上記以外の痛み,リングルアイビー,痛みが我慢できなくなったとき・熱が高くなったとき
上記以外の痛み,リングルアイビー,痛みが我慢できなくなったとき・熱が高くなったとき
上記以外の痛み,リングルアイビー,その他
上記以外の痛み,リングルアイビー,その他
上記以外の痛み,リングルアイビー,その他
上記以外の痛み,リングルアイビー,その他
